url,site_lot_id,actual_bid,opening_date,ending_date,minimal_increment,lot_status,brand,model,year,appraisal_value,location
https://www.lut.com.br//lote/veiculo-fiat-strada-working-cd/89592,89592,"R$ 56.720,00",01/03/2022,,"R$ 2.500,00",,FIAT,STRADA WORKING CD,2014,"R$ 56.720,00",BRASNORTE/MT
https://www.lut.com.br//lote/veiculo-fiat-doblo-cargo/89094,89094,"R$ 13.000,00",11/01/2022,,"R$ 1.000,00",,FIAT,DOBLO CARGO,fabricação2005,"R$ 13.000,00",SÃO PAULO/SP
https://www.lut.com.br//lote/veiculo-kia-sportage-lx-off-g/89682,89682,"R$ 34.800,00",30/12/2021,,"R$ 1.000,00",,Kia,SPORTAGE LX2 OFF G4,2013,"R$ 58.000,00",SÃO SEBASTIÃO/SP
https://www.lut.com.br//lote/motocicleta-honda-bros-mix-es/89182,89182,"R$ 55.056,00",21/01/2022,,"R$ 2.500,00",,Honda,HONDA BROS MIX ES,2011,"R$ 55.056,00",Não informado/SP
https://www.lut.com.br//lote/veiculo-toyota-hylux-cd-x/89197,89197,"R$ 48.000,00",15/12/2021,,"R$ 500,00",,Toyota,HYLUX CD 4X4,",nº644","R$ 80.000,00",POTIRENDABA/SP
https://www.lut.com.br//lote/motocicleta-honda-cg-fan-es/89195,89195,"R$ 2.700,00",14/12/2021,18/01/2022 10:01:03,"R$ 150,00",Aberto,Honda,HONDA CG 125 FAN ES,defabricação2009,"R$ 4.500,00",SÃO JOSÉ DO RIO PRETO/SP
https://www.lut.com.br//lote/motocicleta-yamaha-ybr-ed/89192,89192,"R$ 1.586,40",13/12/2021,17/01/2022 09:30:00,"R$ 100,00",Fechado,Yamaha,YAMAHA YBR 125 ED,2002,"R$ 2.644,00",RIBEIRÃO PRETO/SP
https://www.lut.com.br//lote/veiculo-chevrolet-monza/89178,89178,"R$ 2.000,00",14/01/2022,17/01/2022 09:30:00,"R$ 150,00",Fechado,Chevrolet,MONZA,1986,"R$ 2.000,00",FRANCA/SP
https://www.lut.com.br//lote/veiculo-honda-hr-v-ex-cv/89171,89171,"R$ 71.500,00",09/12/2021,13/01/2022 10:07:47,"R$ 1.000,00",Fechado,Honda,HR-V EX CV,2015,"R$ 65.000,00",FRANCA/SP
https://www.lut.com.br//lote/veiculo-fiat-siena-fire-flex/89092,89092,"R$ 17.317,00",07/01/2022,10/01/2022 10:00:00,"R$ 1.000,00",Fechado,FIAT,SIENA FIRE FLEX,defabricação2007,"R$ 17.317,00",SÃO PAULO/SP
https://www.lut.com.br//lote/veiculo-chevrolet-s-ltz-fd/89144,89144,"R$ 39.329,50",06/12/2021,10/01/2022 09:31:00,"R$ 1.000,00",Fechado,Chevrolet,S10 LTZ FD2,2012,"R$ 56.185,00",ARAÇATUBA/SP
https://www.lut.com.br//lote/motocicleta-honda-biz-es/89173,89173,"R$ 4.500,00",04/01/2022,07/01/2022 11:00:00,"R$ 200,00",Fechado,Honda,HONDA BIZ 125ES,2006,"R$ 4.500,00",PONTAL/SP
https://www.lut.com.br//lote/veiculo-mercedes-benz-sprinter-cdi/89138,89138,"R$ 27.027,60",03/12/2021,07/01/2022 11:00:00,"R$ 1.000,00",Fechado,Mercedes Benz,BENZ SPRINTER 311 CDI,2003,"R$ 45.046,00",CARAGUATATUBA/SP
https://www.lut.com.br//lote/veiculo-volkswagen-voyage-l/89059,89059,"R$ 1.100,00",03/01/2022,06/01/2022 12:00:00,"R$ 100,00",Fechado,Volkswagen,VOYAGE L5,defabricação1986,"R$ 1.100,00",SÃO JOSÉ DO RIO PRETO/SP
https://www.lut.com.br//lote/veiculo-volkswagen-fox-prime-gii/89057,89057,"R$ 34.392,00",02/01/2022,05/01/2022 10:00:00,"R$ 1.000,00",Fechado,Volkswagen,FOX 1.6 PRIME GII,2012,"R$ 34.392,00",SUMARÉ/SP
https://www.lut.com.br//lote/motocicleta-honda-cb-r/89055,89055,"R$ 4.800,00",29/11/2021,03/01/2022 10:00:00,"R$ 200,00",Fechado,Honda,HONDA CB 300R,2009,"R$ 8.000,00",SÃO BERNARDO DO CAMPO/SP
https://www.lut.com.br//lote/veiculo-fiat-tipo/88827,88827,"R$ 4.861,00",28/12/2021,31/12/2021 11:00:00,"R$ 200,00",Fechado,FIAT,TIPO 1.6,Not found,"R$ 4.861,00",GUARATUBA/SP
https://www.lut.com.br//lote/veiculo-fiat-siena-fire-flex/88700,88700,"R$ 18.597,00",28/12/2021,,"R$ 1.000,00",,FIAT,SIENA FIRE FLEX,Not found,"R$ 18.597,00",ITAPEVI/SP
https://www.lut.com.br//lote/veiculo-kia-sportage-lx-off-g/89060,89060,"R$ 58.000,00",27/12/2021,30/12/2021 13:00:00,"R$ 2.500,00",Fechado,Kia,SPORTAGE LX2 OFF G4,2013,"R$ 58.000,00",SÃO SEBASTIÃO/SP
https://www.lut.com.br//lote/veiculo-volkswagen-polo/88852,88852,"R$ 14.794,20",22/11/2021,27/12/2021 11:00:00,"R$ 1.000,00",Fechado,Volkswagen,POLO 1.6,Not found,"R$ 24.657,00",CAMPINAS/SP
https://www.lut.com.br//lote/veiculo-fiat-uno-mille-smart/88757,88757,"R$ 1.800,00",21/12/2021,24/12/2021 10:00:00,"R$ 100,00",Fechado,FIAT,UNO MILLE SMART,2000,"R$ 1.800,00",CAMPINAS/SP
https://www.lut.com.br//lote/veiculo-chevrolet-astra-hb-p-advantage/88830,88830,"R$ 10.110,00",18/11/2021,23/12/2021 11:00:00,"R$ 1.000,00",Fechado,Chevrolet,ASTRA HB2P ADVANTAGE,2005,"R$ 16.850,00",RIBEIRÃO PRETO/SP
https://www.lut.com.br//lote/veiculo-volkswagen-polo/88829,88829,"R$ 22.000,00",18/11/2021,23/12/2021 10:18:08,"R$ 1.000,00",Fechado,Volkswagen,POLO 1.6,mod2012,"R$ 20.000,00",RIBEIRÃO PRETO/SP
https://www.lut.com.br//lote/veiculo-ford-ranger-xl-d-x-cabine-dupla/88835,88835,"R$ 37.519,00",20/12/2021,23/12/2021 09:30:00,"R$ 1.000,00",Fechado,Ford,RANGER XL 13D 4X4 CABINE DUPLA,Not found,"R$ 37.519,00",OSASCO/SP
https://www.lut.com.br//lote/motocicleta-honda-bros-mix-es/88758,88758,"R$ 8.573,00",18/12/2021,,"R$ 300,00",,Honda,HONDA BROS MIX ES,2011,"R$ 8.573,00",BRASNORTE/MT
https://www.lut.com.br//lote/veiculo-chevrolet-corsa-classic/88838,88838,"R$ 6.600,00",19/11/2021,20/12/2021 11:00:00,"R$ 250,00",Fechado,Chevrolet,CORSA CLASSIC,2004,"R$ 11.000,00",VALINHOS/SP
https://www.lut.com.br//lote/veiculo-citroen-xsara-picasso-exa/88837,88837,"R$ 6.000,00",19/11/2021,20/12/2021 10:00:00,"R$ 250,00",Fechado,Citroen,XSARA PICASSO EXA,e2005,"R$ 10.000,00",JALES/SP
https://www.lut.com.br//lote/veiculo-honda-fit-lx/88782,88782,"R$ 9.300,00",12/11/2021,17/12/2021 10:00:00,"R$ 300,00",Fechado,Honda,FIT LX,2004,"R$ 15.500,00",BRAGANÇA PAULISTA/SP
https://www.lut.com.br//lote/veiculo-chevrolet-corsa-milenium/88566,88566,"R$ 10.227,00",14/12/2021,17/12/2021 09:30:00,"R$ 1.000,00",Fechado,Chevrolet,CORSA MILENIUM,2001,"R$ 10.227,00",OSASCO/SP
https://www.lut.com.br//lote/veiculo-jeep-renegade-sport-at/88765,88765,"R$ 37.228,00",11/11/2021,16/12/2021 11:02:33,"R$ 1.000,00",Fechado,JEEP,RENEGADE SPORT AT 1.8,2015,"R$ 60.380,00",SÃO PAULO/SP
https://www.lut.com.br//lote/veiculo-ford-fiesta-flex/88698,88698,"R$ 25.385,66",13/12/2021,16/12/2021 10:00:00,"R$ 1.000,00",Fechado,Ford,FIESTA FLEX,2014,"R$ 25.385,66",SERTÃOZINHO/SP
https://www.lut.com.br//lote/motocicleta-honda-biz/88764,88764,"R$ 4.950,00",11/11/2021,16/12/2021 10:01:33,"R$ 150,00",Fechado,Honda,HONDA BIZ 125+,2009,"R$ 5.000,00",SERTÃOZINHO/SP
https://www.lut.com.br//lote/veiculo-toyota-hylux-cd-x/88696,88696,"R$ 80.000,00",12/12/2021,15/12/2021 10:00:00,"R$ 2.500,00",Fechado,Toyota,HYLUX CD 4X4,",nº644","R$ 80.000,00",POTIRENDABA/SP
https://www.lut.com.br//lote/motocicleta-honda-cg-fan-es/88699,88699,"R$ 4.500,00",11/12/2021,14/12/2021 10:00:00,"R$ 200,00",Fechado,Honda,HONDA CG 125 FAN ES,defabricação2009,"R$ 4.500,00",SÃO JOSÉ DO RIO PRETO/SP
https://www.lut.com.br//lote/veiculo-ford-ka/88701,88701,"R$ 11.584,20",08/11/2021,13/12/2021 10:00:00,"R$ 1.000,00",Fechado,Ford,KA,2011,"R$ 19.307,00",SOROCABA/SP
https://www.lut.com.br//lote/motocicleta-yamaha-ybr-ed/88561,88561,"R$ 2.644,00",10/12/2021,13/12/2021 09:30:00,"R$ 150,00",Fechado,Yamaha,YAMAHA YBR 125 ED,2002,"R$ 2.644,00",RIBEIRÃO PRETO/SP
https://www.lut.com.br//lote/veiculo-volkswagen-voyage-cl/88646,88646,"R$ 900,00",05/11/2021,10/12/2021 12:00:00,"R$ 100,00",Fechado,Volkswagen,VOYAGE CL 1.8,Not found,"R$ 1.500,00",SÃO PAULO/SP
https://www.lut.com.br//lote/veiculo-renaul-twingo/88647,88647,"R$ 2.500,00",05/11/2021,10/12/2021 12:00:00,"R$ 150,00",Fechado,Not Found,TWINGO,1999,"R$ 5.000,00",PRAIA GRANDE/SP
https://www.lut.com.br//lote/veiculo-hyundai-veloster-v/88644,88644,"R$ 28.542,00",05/11/2021,10/12/2021 11:00:00,"R$ 1.000,00",Fechado,Hyundai,VELOSTER 1.6 16V,e2012,"R$ 47.570,00",CAMPINAS/SP
https://www.lut.com.br//lote/motocicleta-yamaha-dt-z/88645,88645,"R$ 1.123,20",05/11/2021,10/12/2021 11:00:00,"R$ 100,00",Fechado,Yamaha,YAMAHA DT 180 Z,fabricação1988,"R$ 1.872,00",CAMPINAS/SP
https://www.lut.com.br//lote/veiculo-volkswagen-fox-plus/87595,87595,"R$ 9.479,50",02/11/2021,10/12/2021 11:00:00,"R$ 300,00",Fechado,Volkswagen,FOX PLUS 1.6,2006,"R$ 18.959,00",SÃO ROQUE/SP
https://www.lut.com.br//lote/motocicleta-yamaha-fazer-ys/88643,88643,"R$ 2.900,00",05/11/2021,10/12/2021 11:00:00,"R$ 150,00",Fechado,Yamaha,YAMAHA FAZER YS250,Not found,"R$ 5.800,00",HORTOLÂNDIA/SP
https://www.lut.com.br//lote/veiculo-citroen-c-excl-flex/88641,88641,"R$ 10.354,20",05/11/2021,10/12/2021 10:00:00,"R$ 1.000,00",Fechado,Citroen,C3 EXCL 1.4 FLEX,Not found,"R$ 17.257,00",CAMPINAS/SP
https://www.lut.com.br//lote/veiculo-passat-var-t/88562,88562,"R$ 56.278,00",07/12/2021,,"R$ 2.500,00",,PASSAT,VAR 2.0T,2011,"R$ 56.278,00",SÃO PAULO/SP
https://www.lut.com.br//lote/veiculo-volkswagen-gol/88635,88635,"R$ 13.320,00",04/11/2021,09/12/2021 12:00:00,"R$ 1.000,00",Fechado,Volkswagen,GOL 1.0,fabricação2011,"R$ 22.200,00",RIBEIRÃO PRETO/SP
https://www.lut.com.br//lote/motocicleta-suzuki-bandit/88634,88634,"R$ 13.360,00",04/11/2021,09/12/2021 11:00:11,"R$ 1.000,00",Fechado,SUZUKI,SUZUKI BANDIT 1250,Not found,"R$ 20.600,00",VALINHOS/SP
https://www.lut.com.br//lote/veiculo-audi-a-t/88633,88633,"R$ 19.457,40",04/11/2021,09/12/2021 10:00:00,"R$ 1.000,00",Fechado,AUDI,A4 1.8T,defabricação2006,"R$ 32.429,00",GUARUJÁ/SP
https://www.lut.com.br//lote/veiculo-honda-hr-v-ex-cv/88565,88565,"R$ 65.000,00",06/12/2021,09/12/2021 10:00:00,"R$ 2.500,00",Fechado,Honda,HR-V EX CV,2015,"R$ 65.000,00",FRANCA/SP
https://www.lut.com.br//lote/veiculo-chevrolet-corsa-hatch/88784,88784,"R$ 7.200,00",12/11/2021,06/12/2021 13:00:00,"R$ 250,00",Fechado,Chevrolet,CORSA HATCH,2003,"R$ 12.000,00",ESPIRITO SANTO DO TURVO/SP
https://www.lut.com.br//lote/veiculo-volkswagen-gol-v/88583,88583,"R$ 4.504,80",01/11/2021,06/12/2021 09:30:00,"R$ 200,00",Fechado,Volkswagen,GOL 16V,1999,"R$ 7.508,00",SERTÃOZINHO/SP
https://www.lut.com.br//lote/veiculo-chevrolet-s-ltz-fd/88578,88578,"R$ 56.185,00",03/12/2021,06/12/2021 09:30:00,"R$ 2.500,00",Fechado,Chevrolet,S10 LTZ FD2,2012,"R$ 56.185,00",ARAÇATUBA/SP
https://www.lut.com.br//lote/veiculo-toyota-corolla-xli-v-vt/88574,88574,"R$ 14.199,60",29/10/2021,03/12/2021 12:00:00,"R$ 1.000,00",Fechado,Toyota,COROLLA XLI 1.6 16V VT,2006,"R$ 23.666,00",RIBEIRÃO PRETO/SP
https://www.lut.com.br//lote/veiculo-mercedes-benz-sprinter-cdi/88272,88272,"R$ 45.046,00",30/11/2021,03/12/2021 11:00:00,"R$ 1.000,00",Fechado,Mercedes Benz,BENZ SPRINTER 311 CDI,2003,"R$ 45.046,00",CARAGUATATUBA/SP
https://www.lut.com.br//lote/veiculo-renault-sandero-expr/88572,88572,"R$ 17.214,00",29/10/2021,03/12/2021 11:00:00,"R$ 1.000,00",Fechado,RENAULT,SANDERO EXPR 10,2015,"R$ 28.690,00",PIRANGI/SP
https://www.lut.com.br//lote/veiculo-volkswagen-gol/87593,87593,"R$ 7.892,38",25/10/2021,,"R$ 250,00",,Volkswagen,GOL 1.8,emod.1992,"R$ 7.892,38",INDAIATUBA/SP
https://www.lut.com.br//lote/veiculo-fiat-idea-elx/88697,88697,"R$ 23.000,00",29/11/2021,,"R$ 1.000,00",,FIAT,IDEA ELX 1.4,Not found,"R$ 23.000,00",SOROCABA/SP
https://www.lut.com.br//lote/veiculo-peugeot-hb/88555,88555,"R$ 6.000,00",28/10/2021,02/12/2021 10:00:00,"R$ 250,00",Fechado,Peugeot,207 HB,defabricação2010,"R$ 10.000,00",SERTÃOZINHO/SP
https://www.lut.com.br//lote/motocicleta-honda-cb-r/88274,88274,"R$ 8.000,00",26/11/2021,29/11/2021 10:00:00,"R$ 300,00",Fechado,Honda,HONDA CB 300R,2009,"R$ 8.000,00",SÃO BERNARDO DO CAMPO/SP
https://www.lut.com.br//lote/veiculo-reboque-free-hobby/88305,88305,"R$ 1.200,00",21/10/2021,25/11/2021 11:00:00,"R$ 100,00",Fechado,Not Found,FREE HOBBY,2012,"R$ 2.000,00",SÃO JOSÉ DO RIO PRETO/SP
https://www.lut.com.br//lote/veiculo-troller-t-xlt-diesel/88304,88304,"R$ 71.000,00",21/10/2021,25/11/2021 09:30:52,"R$ 2.500,00",Fechado,TROLLER,T4 XLT 3.2 DIESEL,2016,"R$ 110.000,00",CAMPINAS/SP
https://www.lut.com.br//lote/veiculo-chevrolet-zafira/88584,88584,"R$ 16.450,00",01/11/2021,22/11/2021 11:00:00,"R$ 1.000,00",Fechado,Chevrolet,ZAFIRA,Not found,"R$ 23.500,00",FRANCA/SP
https://www.lut.com.br//lote/veiculo-chevrolet-celta-life-p/87591,87591,"R$ 7.072,50",15/10/2021,22/11/2021 11:00:00,"R$ 250,00",Fechado,Chevrolet,CELTA LIFE 2P,fabr.mod.2009,"R$ 14.145,00",SÃO PAULO /SP
https://www.lut.com.br//lote/veiculo-volkswagen-polo/87863,87863,"R$ 24.657,00",19/11/2021,22/11/2021 11:00:00,"R$ 1.000,00",Fechado,Volkswagen,POLO 1.6,Not found,"R$ 24.657,00",CAMPINAS/SP
https://www.lut.com.br//lote/veiculo-chevrolet-onix-at-lt/88264,88264,"R$ 47.537,12",15/10/2021,19/11/2021 12:05:33,"R$ 1.000,00",Fechado,Chevrolet,ONIX 1.4 AT LT,Not found,"R$ 49.228,54",SÃO BERNARDO DO CAMPO/SP
https://www.lut.com.br//lote/veiculo-peugeot-sw/88573,88573,"R$ 6.600,00",29/10/2021,19/11/2021 11:00:00,"R$ 250,00",Fechado,Peugeot,307 SW,fabricação2006,"R$ 11.000,00",SANTOS/SP
https://www.lut.com.br//lote/veiculo-chevrolet-corsa-classic/88244,88244,"R$ 11.000,00",16/11/2021,19/11/2021 11:00:00,"R$ 1.000,00",Fechado,Chevrolet,CORSA CLASSIC,2004,"R$ 11.000,00",VALINHOS/SP
https://www.lut.com.br//lote/veiculo-volkswagen-gol/88263,88263,"R$ 3.600,00",15/10/2021,19/11/2021 11:00:00,"R$ 150,00",Fechado,Volkswagen,GOL 1.0,"elsaud,133","R$ 6.000,00",JARDINÓPOLIS/SP
https://www.lut.com.br//lote/veiculo-chevrolet-celta-life-p/88261,88261,"R$ 7.560,00",15/10/2021,19/11/2021 10:00:00,"R$ 250,00",Fechado,Chevrolet,CELTA LIFE 2P,2006,"R$ 10.800,00",FRANCA/SP
https://www.lut.com.br//lote/veiculo-nissan-x-trail-se/88262,88262,"R$ 33.600,00",15/10/2021,19/11/2021 10:00:00,"R$ 1.000,00",Fechado,Nissan,X TRAIL SE,fabricação2008,"R$ 56.000,00",SERTÃOZINHO/SP
https://www.lut.com.br//lote/veiculo-ford-fiesta/88571,88571,"R$ 5.400,00",29/10/2021,19/11/2021 10:00:00,"R$ 200,00",Fechado,Ford,FIESTA,2003,"R$ 9.000,00",CAMPINAS/SP
https://www.lut.com.br//lote/veiculo-citroen-xsara-picasso-exa/88289,88289,"R$ 10.000,00",16/11/2021,19/11/2021 10:00:00,"R$ 1.000,00",Fechado,Citroen,XSARA PICASSO EXA,e2005,"R$ 10.000,00",JALES/SP
https://www.lut.com.br//lote/veiculo-volkswagen-fusca/88260,88260,"R$ 1.400,00",15/10/2021,19/11/2021 09:30:00,"R$ 100,00",Fechado,Volkswagen,FUSCA1300,Not found,"R$ 2.000,00",RESTINGA/SP
https://www.lut.com.br//lote/motocicleta-yamaha-ybr-k/88246,88246,"R$ 1.750,00",14/10/2021,18/11/2021 12:00:00,"R$ 100,00",Fechado,Yamaha,YAMAHA YBR 125K,2005,"R$ 2.500,00",FRANCA/SP
https://www.lut.com.br//lote/veiculo-mitsubishi-l-x-mmc/87583,87583,"R$ 12.000,00",11/10/2021,18/11/2021 11:00:00,"R$ 1.000,00",Fechado,MITSUBISHI,L200 4X4 MMC,1994,"R$ 22.000,00",INDAIATUBA/SP
https://www.lut.com.br//lote/veiculo-chevrolet-astra-hb-p-advantage/87584,87584,"R$ 16.850,00",15/11/2021,18/11/2021 11:00:00,"R$ 1.000,00",Fechado,Chevrolet,ASTRA HB2P ADVANTAGE,2005,"R$ 16.850,00",RIBEIRÃO PRETO/SP
https://www.lut.com.br//lote/veiculo-volkswagen-polo/87684,87684,"R$ 20.000,00",15/11/2021,18/11/2021 10:00:00,"R$ 1.000,00",Fechado,Volkswagen,POLO 1.6,mod2012,"R$ 20.000,00",RIBEIRÃO PRETO/SP
https://www.lut.com.br//lote/motocicleta-honda-cg-fan-ks/88214,88214,"R$ 3.339,60",11/10/2021,17/11/2021 09:30:00,"R$ 150,00",Fechado,Honda,HONDA CG 125 FAN KS,2011,"R$ 5.566,00",JOÃO PESSOA /PB
https://www.lut.com.br//lote/veiculo-volkswagen-fox/88215,88215,"R$ 11.061,11",11/10/2021,16/11/2021 10:00:00,"R$ 1.000,00",Fechado,Volkswagen,FOX,2006,"R$ 18.435,19",GUARULHOS/SP
https://www.lut.com.br//lote/veiculo-chevrolet-corsa-hatch/88276,88276,"R$ 12.000,00",09/11/2021,12/11/2021 13:00:00,"R$ 1.000,00",Fechado,Chevrolet,CORSA HATCH,2003,"R$ 12.000,00",ESPIRITO SANTO DO TURVO/SP
https://www.lut.com.br//lote/motocicleta-honda-nxr-bros-esd/88209,88209,"R$ 4.935,00",08/10/2021,12/11/2021 10:00:00,"R$ 200,00",Fechado,Honda,HONDA NXR 150 BROS ESD,defabricação2011,"R$ 8.225,00",SÃO VICENTE/SP
https://www.lut.com.br//lote/veiculo-honda-fit-lx/88243,88243,"R$ 15.500,00",09/11/2021,12/11/2021 10:00:00,"R$ 1.000,00",Fechado,Honda,FIT LX,2004,"R$ 15.500,00",BRAGANÇA PAULISTA/SP
https://www.lut.com.br//lote/veiculo-jeep-renegade-sport-at/88286,88286,"R$ 60.380,00",08/11/2021,11/11/2021 11:00:00,"R$ 2.500,00",Fechado,JEEP,RENEGADE SPORT AT 1.8,2015,"R$ 60.380,00",SÃO PAULO/SP
https://www.lut.com.br//lote/motocicleta-honda-biz/88273,88273,"R$ 5.000,00",08/11/2021,11/11/2021 10:00:00,"R$ 200,00",Fechado,Honda,HONDA BIZ 125+,2009,"R$ 5.000,00",SERTÃOZINHO/SP
https://www.lut.com.br//lote/motocicleta-dafra-riva/88078,88078,"R$ 2.212,80",04/10/2021,08/11/2021 12:00:00,"R$ 150,00",Fechado,Dafra,DAFRA RIVA 150,Not found,"R$ 3.688,00",SÃO BERNARDO DO CAMPO/SP
https://www.lut.com.br//lote/motocicleta-honda-fan/88279,88279,"R$ 1.500,00",18/10/2021,08/11/2021 11:30:00,"R$ 100,00",Fechado,Honda,HONDA FAN125,defabricação2005,"R$ 2.500,00",CUPIRA/PE
https://www.lut.com.br//lote/veiculo-ford-ka/87597,87597,"R$ 19.307,00",05/11/2021,08/11/2021 10:00:00,"R$ 1.000,00",Fechado,Ford,KA,2011,"R$ 19.307,00",SOROCABA/SP
https://www.lut.com.br//lote/veiculo-ford-corcel-luxo-sl/88077,88077,"R$ 1.500,00",04/10/2021,08/11/2021 10:00:00,"R$ 100,00",Fechado,Ford,CORCEL LUXO SL,defabricação1975,"R$ 3.000,00",SÃO CAETANO DO SUL/SP
https://www.lut.com.br//lote/veiculo-chevrolet-corsa-wind/88277,88277,"R$ 4.760,00",18/10/2021,08/11/2021 09:30:00,"R$ 200,00",Fechado,Chevrolet,CORSA WIND,2000,"R$ 6.800,00",FRANCA/SP
https://www.lut.com.br//lote/veiculo-volkswagen-voyage-cl/87858,87858,"R$ 1.500,00",02/11/2021,05/11/2021 12:00:00,"R$ 100,00",Fechado,Volkswagen,VOYAGE CL 1.8,Not found,"R$ 1.500,00",SÃO PAULO/SP
https://www.lut.com.br//lote/veiculo-renaul-twingo/87878,87878,"R$ 5.000,00",02/11/2021,05/11/2021 12:00:00,"R$ 200,00",Fechado,Not Found,TWINGO,1999,"R$ 5.000,00",PRAIA GRANDE/SP
https://www.lut.com.br//lote/motocicleta-yamaha-fazer-ys/87596,87596,"R$ 5.800,00",02/11/2021,05/11/2021 11:00:00,"R$ 200,00",Fechado,Yamaha,YAMAHA FAZER YS250,Not found,"R$ 5.800,00",HORTOLÂNDIA/SP
https://www.lut.com.br//lote/motocicleta-yamaha-dt-z/87877,87877,"R$ 1.872,00",02/11/2021,05/11/2021 11:00:00,"R$ 100,00",Fechado,Yamaha,YAMAHA DT 180 Z,fabricação1988,"R$ 1.872,00",CAMPINAS/SP
https://www.lut.com.br//lote/veiculo-hyundai-veloster-v/87860,87860,"R$ 47.570,00",02/11/2021,05/11/2021 11:00:00,"R$ 1.000,00",Fechado,Hyundai,VELOSTER 1.6 16V,e2012,"R$ 47.570,00",CAMPINAS/SP
https://www.lut.com.br//lote/veiculo-citroen-c-excl-flex/87861,87861,"R$ 17.257,00",02/11/2021,05/11/2021 10:00:00,"R$ 1.000,00",Fechado,Citroen,C3 EXCL 1.4 FLEX,Not found,"R$ 17.257,00",CAMPINAS/SP
https://www.lut.com.br//lote/veiculo-fiat-uno-mille-ie/87594,87594,"R$ 7.341,43",02/11/2021,,"R$ 250,00",,FIAT,UNO MILLE IE,1995,"R$ 7.341,43",BOTUCATU/SP
https://www.lut.com.br//lote/motocicleta-honda-nxr-bros-mix-ks/88073,88073,"R$ 3.420,00",01/10/2021,05/11/2021 10:00:00,"R$ 150,00",Fechado,Honda,HONDA NXR 150 BROS MIX KS,e2010,"R$ 5.700,00",SÃO JOSÉ DOS CAMPOS/SP
https://www.lut.com.br//lote/veiculo-volkswagen-gol/87855,87855,"R$ 22.200,00",01/11/2021,04/11/2021 12:00:00,"R$ 1.000,00",Fechado,Volkswagen,GOL 1.0,fabricação2011,"R$ 22.200,00",RIBEIRÃO PRETO/SP
https://www.lut.com.br//lote/motocicleta-suzuki-bandit/87879,87879,"R$ 20.600,00",01/11/2021,04/11/2021 11:00:00,"R$ 1.000,00",Fechado,SUZUKI,SUZUKI BANDIT 1250,Not found,"R$ 20.600,00",VALINHOS/SP
https://www.lut.com.br//lote/motocicleta-yamaha-fazer-blueflex/87999,87999,"R$ 7.910,80",27/09/2021,04/11/2021 11:00:00,"R$ 250,00",Fechado,Yamaha,YAMAHA FAZER 250 BLUEFLEX,Not found,"R$ 12.768,00",VALINHOS/SP
https://www.lut.com.br//lote/motocicleta-honda-biz-c-mais/87997,87997,"R$ 2.520,00",27/09/2021,04/11/2021 10:00:00,"R$ 150,00",Fechado,Honda,HONDA BIZ C100 MAIS,2015,"R$ 4.200,00",SÃO JOSÉ DO RIO PRETO/SP
https://www.lut.com.br//lote/veiculo-audi-a-t/87856,87856,"R$ 32.429,00",01/11/2021,04/11/2021 10:00:00,"R$ 1.000,00",Fechado,AUDI,A4 1.8T,defabricação2006,"R$ 32.429,00",GUARUJÁ/SP
https://www.lut.com.br//lote/veiculo-chevrolet-astra-gls/87994,87994,"R$ 9.000,00",27/09/2021,04/11/2021 09:30:00,"R$ 300,00",Fechado,Chevrolet,ASTRA GLS,1999,"R$ 15.000,00",SÃO JOSÉ DOS CAMPOS/SP
https://www.lut.com.br//lote/veiculo-mercedes-benz-classe-a/87998,87998,"R$ 5.450,00",27/09/2021,03/11/2021 11:00:00,"R$ 200,00",Fechado,Mercedes Benz,BENZ CLASSE A 190,fabmod2000,"R$ 10.900,00",SANTOS/SP
https://www.lut.com.br//lote/veiculo-volkswagen-voyage/87996,87996,"R$ 13.800,00",27/09/2021,,"R$ 1.000,00",,Volkswagen,VOYAGE,2015,"R$ 23.000,00",SÃO JOSÉ DO RIO PRETO/SP
https://www.lut.com.br//lote/veiculo-chevrolet-zafira/87728,87728,"R$ 23.500,00",29/10/2021,01/11/2021 11:00:00,"R$ 1.000,00",Fechado,Chevrolet,ZAFIRA,Not found,"R$ 23.500,00",FRANCA/SP
https://www.lut.com.br//lote/veiculo-volkswagen-gol-v/87687,87687,"R$ 7.508,00",29/10/2021,01/11/2021 09:30:00,"R$ 250,00",Fechado,Volkswagen,GOL 16V,1999,"R$ 7.508,00",SERTÃOZINHO/SP
https://www.lut.com.br//lote/veiculo-toyota-corolla-xli-v-vt/87599,87599,"R$ 23.666,00",26/10/2021,29/10/2021 12:00:00,"R$ 1.000,00",Fechado,Toyota,COROLLA XLI 1.6 16V VT,2006,"R$ 23.666,00",RIBEIRÃO PRETO/SP
https://www.lut.com.br//lote/veiculo-renault-sandero-expr/87689,87689,"R$ 28.690,00",26/10/2021,29/10/2021 11:00:00,"R$ 1.000,00",Fechado,RENAULT,SANDERO EXPR 10,2015,"R$ 28.690,00",PIRANGI/SP
https://www.lut.com.br//lote/veiculo-peugeot-sw/87685,87685,"R$ 11.000,00",26/10/2021,29/10/2021 11:00:00,"R$ 1.000,00",Fechado,Peugeot,307 SW,fabricação2006,"R$ 11.000,00",SANTOS/SP
https://www.lut.com.br//lote/veiculo-chevrolet-classis-ls/87882,87882,"R$ 13.305,60",24/09/2021,29/10/2021 10:30:00,"R$ 1.000,00",Fechado,Chevrolet,CLASSIS LS,2012,"R$ 22.176,00",SERTÃOZINHO/SP
https://www.lut.com.br//lote/veiculo-ford-fiesta/87688,87688,"R$ 9.000,00",26/10/2021,29/10/2021 10:00:00,"R$ 300,00",Fechado,Ford,FIESTA,2003,"R$ 9.000,00",CAMPINAS/SP
https://www.lut.com.br//lote/veiculo-bmw-i-active/87881,87881,"R$ 95.000,00",24/09/2021,29/10/2021 10:00:00,"R$ 2.500,00",Fechado,BMW,320I ACTIVE,Not found,"R$ 95.000,00",SÃO PAULO/SP
https://www.lut.com.br//lote/veiculo-volkswagen-gol-special-mba/87880,87880,"R$ 15.000,00",24/09/2021,29/10/2021 09:30:00,"R$ 1.000,00",Fechado,Volkswagen,GOL SPECIAL MBA 1.0,2015,"R$ 25.000,00",BARRINHA/SP
https://www.lut.com.br//lote/veiculo-peugeot-hb/87589,87589,"R$ 10.000,00",25/10/2021,28/10/2021 10:00:00,"R$ 1.000,00",Fechado,Peugeot,207 HB,defabricação2010,"R$ 10.000,00",SERTÃOZINHO/SP
https://www.lut.com.br//lote/veiculo-ford-ka-flex/87726,87726,"R$ 10.617,00",23/09/2021,28/10/2021 10:00:00,"R$ 1.000,00",Fechado,Ford,KA FLEX,2010,"R$ 17.695,00",BRAGANÇA PAULISTA/SP
https://www.lut.com.br//lote/veiculo-nissan-versa-sv/87709,87709,"R$ 33.090,60",20/09/2021,25/10/2021 11:00:00,"R$ 1.000,00",Fechado,Nissan,VERSA 1.6 SV,2018,"R$ 55.151,00",SÃO PAULO/SP
https://www.lut.com.br//lote/veiculo-mercedes-benz-sprinter-d-furgao/87704,87704,"R$ 13.800,00",20/09/2021,25/10/2021 10:00:00,"R$ 1.000,00",Fechado,Mercedes Benz,BENZ SPRINTER 310D FURGÃO,"defabricação,vidrotraseiroquebrado,tetointeriordanificado,para-choquedianteiroetraseirosdanificados,pinturadanificada.constaaindaqueoveículoestásemdocumentação.emconsultaaositewww.despachantedok.com.brem30","R$ 23.000,00",PIRACICABA/SP
https://www.lut.com.br//lote/veiculo-volkswagen-saveiro/87705,87705,"R$ 11.400,00",20/09/2021,25/10/2021 10:00:00,"R$ 1.000,00",Fechado,Volkswagen,SAVEIRO 1.6,2008,"R$ 19.000,00",MOGI MIRIM/SP
https://www.lut.com.br//lote/veiculo-chevrolet-kadett-sl-efi/87672,87672,"R$ 3.490,20",17/09/2021,22/10/2021 10:00:00,"R$ 150,00",Fechado,Chevrolet,KADETT SL EFI,Not found,"R$ 5.817,00",HORTOLÂNDIA/SP
https://www.lut.com.br//lote/veiculo-reboque-free-hobby/87686,87686,"R$ 2.000,00",18/10/2021,21/10/2021 11:00:00,"R$ 150,00",Fechado,Not Found,FREE HOBBY,2012,"R$ 2.000,00",SÃO JOSÉ DO RIO PRETO/SP
https://www.lut.com.br//lote/veiculo-troller-t-xlt-diesel/87578,87578,"R$ 110.000,00",18/10/2021,21/10/2021 09:30:00,"R$ 5.000,00",Fechado,TROLLER,T4 XLT 3.2 DIESEL,2016,"R$ 110.000,00",CAMPINAS/SP
https://www.lut.com.br//lote/motocicleta-honda-fan/87598,87598,"R$ 2.500,00",15/10/2021,18/10/2021 11:30:00,"R$ 150,00",Fechado,Honda,HONDA FAN125,defabricação2005,"R$ 2.500,00",CUPIRA/PE
https://www.lut.com.br//lote/veiculo-chevrolet-corsa-wind/87582,87582,"R$ 6.800,00",15/10/2021,18/10/2021 09:30:00,"R$ 250,00",Fechado,Chevrolet,CORSA WIND,2000,"R$ 6.800,00",FRANCA/SP
https://www.lut.com.br//lote/veiculo-chevrolet-onix-at-lt/87539,87539,"R$ 49.228,54",12/10/2021,15/10/2021 12:00:00,"R$ 1.000,00",Fechado,Chevrolet,ONIX 1.4 AT LT,Not found,"R$ 49.228,54",SÃO BERNARDO DO CAMPO/SP
https://www.lut.com.br//lote/veiculo-volkswagen-gol/87540,87540,"R$ 6.000,00",12/10/2021,15/10/2021 11:00:00,"R$ 250,00",Fechado,Volkswagen,GOL 1.0,"elsaud,133","R$ 6.000,00",JARDINÓPOLIS/SP
https://www.lut.com.br//lote/veiculo-nissan-x-trail-se/87579,87579,"R$ 56.000,00",12/10/2021,15/10/2021 10:00:00,"R$ 2.500,00",Fechado,Nissan,X TRAIL SE,fabricação2008,"R$ 56.000,00",SERTÃOZINHO/SP
https://www.lut.com.br//lote/veiculo-chevrolet-celta-life-p/87541,87541,"R$ 10.800,00",12/10/2021,15/10/2021 10:00:00,"R$ 1.000,00",Fechado,Chevrolet,CELTA LIFE 2P,2006,"R$ 10.800,00",FRANCA/SP
https://www.lut.com.br//lote/veiculo-fiat-palio-fire-economy/87028,87028,"R$ 18.454,00",07/09/2021,15/10/2021 09:30:00,"R$ 1.000,00",Fechado,FIAT,PALIO FIRE ECONOMY,2009,"R$ 18.454,00",SERTÃOZINHO/SP
https://www.lut.com.br//lote/veiculo-volkswagen-fusca/87535,87535,"R$ 2.000,00",12/10/2021,15/10/2021 09:30:00,"R$ 150,00",Fechado,Volkswagen,FUSCA1300,Not found,"R$ 2.000,00",RESTINGA/SP
https://www.lut.com.br//lote/motocicleta-yamaha-ybr-k/87580,87580,"R$ 2.500,00",11/10/2021,14/10/2021 12:00:00,"R$ 150,00",Fechado,Yamaha,YAMAHA YBR 125K,2005,"R$ 2.500,00",FRANCA/SP
https://www.lut.com.br//lote/veiculo-chevrolet-chevete/87566,87566,"R$ 1.900,00",07/09/2021,13/10/2021 13:00:00,"R$ 100,00",Fechado,Chevrolet,CHEVETE,1984,"R$ 3.000,00",SÃO JOSÉ DOS CAMPOS/SP
https://www.lut.com.br//lote/veiculo-honda-fit-ex/87567,87567,"R$ 16.599,60",08/09/2021,13/10/2021 10:00:00,"R$ 1.000,00",Fechado,Honda,FIT EX,2009,"R$ 27.666,00",SÃO PAULO/SP
https://www.lut.com.br//lote/motocicleta-kasinski-cruise/87564,87564,"R$ 1.626,00",06/09/2021,11/10/2021 11:00:00,"R$ 100,00",Fechado,Not Found,KASINSKI CRUISE 125,2005,"R$ 3.252,00",SÃO PAULO/SP
https://www.lut.com.br//lote/veiculo-fiat-uno-mille-economy/87563,87563,"R$ 3.600,00",06/09/2021,11/10/2021 10:00:00,"R$ 150,00",Fechado,FIAT,UNO MILLE ECONOMY,Not found,"R$ 6.000,00",BARUERI/SP
https://www.lut.com.br//lote/veiculo-volkswagen-fox/87362,87362,"R$ 18.435,19",08/10/2021,11/10/2021 10:00:00,"R$ 1.000,00",Fechado,Volkswagen,FOX,2006,"R$ 18.435,19",GUARULHOS/SP
https://www.lut.com.br//lote/motocicleta-honda-cg-fan-ks/87536,87536,"R$ 5.566,00",08/10/2021,11/10/2021 09:30:00,"R$ 200,00",Fechado,Honda,HONDA CG 125 FAN KS,2011,"R$ 5.566,00",JOÃO PESSOA /PB
https://www.lut.com.br//lote/veiculo-volkswagen-saveiro-cs/87359,87359,"R$ 30.691,97",05/10/2021,,"R$ 1.000,00",,Volkswagen,SAVEIRO 1.6 CS,2012,"R$ 30.691,97",DUMONT/SP
https://www.lut.com.br//lote/motocicleta-honda-nxr-bros-esd/87360,87360,"R$ 8.225,00",05/10/2021,08/10/2021 10:00:00,"R$ 300,00",Fechado,Honda,HONDA NXR 150 BROS ESD,defabricação2011,"R$ 8.225,00",SÃO VICENTE/SP
https://www.lut.com.br//lote/veiculo-chevrolet-celta-hatch-life/87555,87555,"R$ 4.200,00",03/09/2021,08/10/2021 10:00:00,"R$ 200,00",Fechado,Chevrolet,CELTA HATCH LIFE,2006,"R$ 7.000,00",MOGI DAS CRUZES/SP
https://www.lut.com.br//lote/motocicleta-dafra-riva/87357,87357,"R$ 3.688,00",01/10/2021,04/10/2021 12:00:00,"R$ 150,00",Fechado,Dafra,DAFRA RIVA 150,Not found,"R$ 3.688,00",SÃO BERNARDO DO CAMPO/SP
https://www.lut.com.br//lote/veiculo-ford-corcel-luxo-sl/87538,87538,"R$ 3.000,00",01/10/2021,04/10/2021 10:00:00,"R$ 150,00",Fechado,Ford,CORCEL LUXO SL,defabricação1975,"R$ 3.000,00",SÃO CAETANO DO SUL/SP
https://www.lut.com.br//lote/motocicleta-yamaha-ybr-factor-le/87355,87355,"R$ 5.500,00",01/10/2021,,"R$ 200,00",,Yamaha,YAMAHA YBR 125 FACTOR LE,defabricação2013,"R$ 5.500,00",BRAGANÇA PAULISTA/SP
https://www.lut.com.br//lote/motocicleta-honda-nxr-bros-mix-ks/87358,87358,"R$ 5.700,00",28/09/2021,01/10/2021 10:00:00,"R$ 200,00",Fechado,Honda,HONDA NXR 150 BROS MIX KS,e2010,"R$ 5.700,00",SÃO JOSÉ DOS CAMPOS/SP
https://www.lut.com.br//lote/motocicleta-yamaha-fazer-blueflex/87312,87312,"R$ 12.768,00",24/09/2021,27/09/2021 11:00:00,"R$ 1.000,00",Fechado,Yamaha,YAMAHA FAZER 250 BLUEFLEX,Not found,"R$ 12.768,00",VALINHOS/SP
https://www.lut.com.br//lote/veiculo-mercedes-benz-classe-a/87313,87313,"R$ 10.900,00",24/09/2021,27/09/2021 11:00:00,"R$ 1.000,00",Fechado,Mercedes Benz,BENZ CLASSE A 190,fabmod2000,"R$ 10.900,00",SANTOS/SP
https://www.lut.com.br//lote/motocicleta-honda-biz-c-mais/87311,87311,"R$ 4.200,00",24/09/2021,27/09/2021 10:00:00,"R$ 200,00",Fechado,Honda,HONDA BIZ C100 MAIS,2015,"R$ 4.200,00",SÃO JOSÉ DO RIO PRETO/SP
https://www.lut.com.br//lote/veiculo-volkswagen-voyage/87309,87309,"R$ 23.000,00",24/09/2021,27/09/2021 10:00:00,"R$ 1.000,00",Fechado,Volkswagen,VOYAGE,2015,"R$ 23.000,00",SÃO JOSÉ DO RIO PRETO/SP
https://www.lut.com.br//lote/veiculo-chevrolet-astra-gls/87315,87315,"R$ 15.000,00",24/09/2021,27/09/2021 09:30:00,"R$ 1.000,00",Fechado,Chevrolet,ASTRA GLS,1999,"R$ 15.000,00",SÃO JOSÉ DOS CAMPOS/SP
https://www.lut.com.br//lote/veiculo-chevrolet-classis-ls/87308,87308,"R$ 22.176,00",21/09/2021,24/09/2021 10:30:00,"R$ 1.000,00",Fechado,Chevrolet,CLASSIS LS,2012,"R$ 22.176,00",SERTÃOZINHO/SP
https://www.lut.com.br//lote/motocicleta-honda-cbx-twister/87339,87339,"R$ 3.172,80",20/08/2021,24/09/2021 10:00:00,"R$ 150,00",Fechado,Honda,HONDA CBX 250 TWISTER,2006,"R$ 0,00",TREMEMBÉ/SP
https://www.lut.com.br//lote/veiculo-bmw-i-active/87179,87179,"R$ 95.000,00",21/09/2021,24/09/2021 10:00:00,"R$ 2.500,00",Fechado,BMW,320I ACTIVE,Not found,"R$ 95.000,00",SÃO PAULO/SP
https://www.lut.com.br//lote/veiculo-volkswagen-gol-special-mba/87310,87310,"R$ 25.000,00",21/09/2021,24/09/2021 09:30:00,"R$ 1.000,00",Fechado,Volkswagen,GOL SPECIAL MBA 1.0,2015,"R$ 25.000,00",BARRINHA/SP
https://www.lut.com.br//lote/veiculo-ford-ka-flex/87164,87164,"R$ 17.695,00",20/09/2021,23/09/2021 10:00:00,"R$ 1.000,00",Fechado,Ford,KA FLEX,2010,"R$ 17.695,00",BRAGANÇA PAULISTA/SP
https://www.lut.com.br//lote/veiculo-volkswagen-gol-v/87553,87553,"R$ 4.900,00",02/09/2021,23/09/2021 09:30:00,"R$ 200,00",Fechado,Volkswagen,GOL 16V,Not found,"R$ 7.000,00",FRANCA/SP
https://www.lut.com.br//lote/motocicleta-honda-cg-titan-esd/87409,87409,"R$ 3.885,00",24/08/2021,,"R$ 150,00",,Honda,HONDA CG 150 TITAN ESD,2013,"R$ 5.550,00",FRANCA/SP
https://www.lut.com.br//lote/veiculo-nissan-versa-sv/87160,87160,"R$ 55.151,00",17/09/2021,20/09/2021 11:00:00,"R$ 2.500,00",Fechado,Nissan,VERSA 1.6 SV,2018,"R$ 55.151,00",SÃO PAULO/SP
https://www.lut.com.br//lote/veiculo-fiat-siena-fire-flex/87325,87325,"R$ 8.658,50",16/08/2021,20/09/2021 10:00:00,"R$ 300,00",Fechado,FIAT,SIENA FIRE FLEX,defabricação2007,"R$ 17.317,00",SÃO PAULO/SP
https://www.lut.com.br//lote/veiculo-volkswagen-saveiro/87161,87161,"R$ 19.000,00",17/09/2021,20/09/2021 10:00:00,"R$ 1.000,00",Fechado,Volkswagen,SAVEIRO 1.6,2008,"R$ 19.000,00",MOGI MIRIM/SP
https://www.lut.com.br//lote/veiculo-mercedes-benz-sprinter-d-furgao/87537,87537,"R$ 23.000,00",17/09/2021,20/09/2021 10:00:00,"R$ 1.000,00",Fechado,Mercedes Benz,BENZ SPRINTER 310D FURGÃO,"defabricação,vidrotraseiroquebrado,tetointeriordanificado,para-choquedianteiroetraseirosdanificados,pinturadanificada.constaaindaqueoveículoestásemdocumentação.emconsultaaositewww.despachantedok.com.brem30","R$ 23.000,00",PIRACICABA/SP
https://www.lut.com.br//lote/veiculo-chevrolet-kadett-sl-efi/87033,87033,"R$ 5.817,00",14/09/2021,17/09/2021 10:00:00,"R$ 200,00",Fechado,Chevrolet,KADETT SL EFI,Not found,"R$ 5.817,00",HORTOLÂNDIA/SP
https://www.lut.com.br//lote/veiculo-volkswagen-gol-tl-mcv/87295,87295,"R$ 24.000,00",13/08/2021,17/09/2021 09:36:02,"R$ 1.000,00",Fechado,Volkswagen,GOL TL MCV,defabricação2016,"R$ 30.000,00",BARUERI/SP
https://www.lut.com.br//lote/veiculo-volkswagen-gol-gl/87292,87292,"R$ 4.800,00",12/08/2021,16/09/2021 10:00:00,"R$ 200,00",Fechado,Volkswagen,GOL GL 1.8,1994,"R$ 8.000,00",SÃO SIMÃO/SP
https://www.lut.com.br//lote/veiculo-mercedes-benz-lk/87351,87351,"R$ 16.705,00",23/08/2021,13/09/2021 10:00:00,"R$ 1.000,00",Fechado,Mercedes Benz,BENZ LK 1113,1971,"R$ 33.410,00",ITAGIBA/BA
https://www.lut.com.br//lote/veiculo-chevrolet-vectra-gls/87174,87174,"R$ 3.000,00",09/08/2021,13/09/2021 10:00:00,"R$ 150,00",Fechado,Chevrolet,VECTRA GLS,1999,"R$ 5.000,00",SÃO JOSÉ DOS CAMPOS/SP
https://www.lut.com.br//lote/veiculo-chevrolet-s-ltz/87009,87009,"R$ 121.785,00",24/08/2021,,"R$ 5.000,00",,Chevrolet,S10 LTZ,Not found,"R$ 121.785,00",MOGI MIRIM/SP
https://www.lut.com.br//lote/veiculo-volkswagen-parati-cl/87157,87157,"R$ 5.745,00",06/08/2021,10/09/2021 11:00:00,"R$ 200,00",Fechado,Volkswagen,PARATI CL 1.8,Not found,"R$ 9.575,00",FRANCA/SP
https://www.lut.com.br//lote/veiculo-honda-fit-ex/86961,86961,"R$ 27.666,00",05/09/2021,08/09/2021 10:00:00,"R$ 1.000,00",Fechado,Honda,FIT EX,2009,"R$ 27.666,00",SÃO PAULO/SP
https://www.lut.com.br//lote/motocicleta-yamaha-dt-z/87036,87036,"R$ 1.323,20",03/08/2021,08/09/2021 10:00:00,"R$ 100,00",Fechado,Yamaha,YAMAHA DT 180Z,fabricação1988,"R$ 1.872,00",CAMPINAS/SP
https://www.lut.com.br//lote/veiculo-chevrolet-chevete/86960,86960,"R$ 3.000,00",04/09/2021,07/09/2021 13:00:00,"R$ 150,00",Fechado,Chevrolet,CHEVETE,1984,"R$ 3.000,00",SÃO JOSÉ DOS CAMPOS/SP
https://www.lut.com.br//lote/motocicleta-kasinski-cruise/87027,87027,"R$ 3.252,00",03/09/2021,06/09/2021 11:00:00,"R$ 150,00",Fechado,Not Found,KASINSKI CRUISE 125,2005,"R$ 3.252,00",SÃO PAULO/SP
https://www.lut.com.br//lote/veiculo-fiat-uno-mille-economy/87024,87024,"R$ 6.000,00",03/09/2021,06/09/2021 10:00:00,"R$ 250,00",Fechado,FIAT,UNO MILLE ECONOMY,Not found,"R$ 6.000,00",BARUERI/SP
https://www.lut.com.br//lote/veiculo-chevrolet-celta-hatch-life/86393,86393,"R$ 7.000,00",31/08/2021,03/09/2021 10:00:00,"R$ 250,00",Fechado,Chevrolet,CELTA HATCH LIFE,2006,"R$ 7.000,00",MOGI DAS CRUZES/SP
https://www.lut.com.br//lote/veiculo-volkswagem-kombi/87021,87021,"R$ 2.700,00",30/07/2021,03/09/2021 10:00:00,"R$ 150,00",Fechado,Not Found,KOMBI,Not found,"R$ 4.500,00",BRAGANÇA PAULISTA/SP
https://www.lut.com.br//lote/motocicleta-honda-biz-c/87294,87294,"R$ 2.212,70",13/08/2021,03/09/2021 09:30:00,"R$ 150,00",Fechado,Honda,HONDA BIZ C100,fabricação2004,"R$ 3.161,00",ARAÇATUBA/SP
https://www.lut.com.br//lote/veiculo-volkswagen-voyage/87008,87008,"R$ 13.800,00",29/07/2021,,"R$ 1.000,00",,Volkswagen,VOYAGE,2015,"R$ 23.000,00",SÃO JOSÉ DO RIO PRETO/SP
https://www.lut.com.br//lote/veiculo-volkswagen-gol-v/86959,86959,"R$ 7.000,00",30/08/2021,02/09/2021 09:30:00,"R$ 250,00",Fechado,Volkswagen,GOL 16V,Not found,"R$ 7.000,00",FRANCA/SP
https://www.lut.com.br//lote/veiculo-chevrolet-corsa-hatch/86967,86967,"R$ 7.093,37",28/07/2021,01/09/2021 11:00:00,"R$ 250,00",Fechado,Chevrolet,CORSA HATCH,2003,"R$ 14.186,73",VINHEDO/SP
https://www.lut.com.br//lote/veiculo-chevrolet-agile-ltz/86946,86946,"R$ 15.000,00",26/07/2021,31/08/2021 11:00:00,"R$ 1.000,00",Fechado,Chevrolet,AGILE LTZ,Not found,"R$ 25.000,00",CAMPINAS/SP
https://www.lut.com.br//lote/veiculo-chevrolet-agile-lt/86237,86237,"R$ 22.466,00",28/08/2021,,"R$ 1.000,00",,Chevrolet,AGILE LT,2011,"R$ 22.466,00",ATIBAIA/SP
https://www.lut.com.br//lote/veiculo-volkswagen-gol/86935,86935,"R$ 10.985,00",23/07/2021,27/08/2021 10:00:00,"R$ 1.000,00",Fechado,Volkswagen,GOL 1.0,2011,"R$ 16.900,00",ATIBAIA/SP
https://www.lut.com.br//lote/veiculo-chevrolet-s/86936,86936,"R$ 39.329,50",23/07/2021,27/08/2021 10:00:00,"R$ 1.000,00",Fechado,Chevrolet,S10,defabricação2012,"R$ 56.185,00",ARAÇATUBA/SP
https://www.lut.com.br//lote/motocicleta-honda-cg-titan-esd/86958,86958,"R$ 5.550,00",21/08/2021,24/08/2021 10:00:00,"R$ 200,00",Fechado,Honda,HONDA CG 150 TITAN ESD,2013,"R$ 5.550,00",FRANCA/SP
https://www.lut.com.br//lote/veiculo-mercedes-benz-lk/86235,86235,"R$ 33.410,00",20/08/2021,23/08/2021 10:00:00,"R$ 1.000,00",Fechado,Mercedes Benz,BENZ LK 1113,1971,"R$ 33.410,00",ITAGIBA/BA
https://www.lut.com.br//lote/motocicleta-kawasaki-ninja-zx-r/86424,86424,"R$ 10.392,00",19/07/2021,23/08/2021 09:30:00,"R$ 1.000,00",Fechado,Not Found,KAWASAKI NINJA ZX-9R 900,1999,"R$ 17.320,00",SÃO JOSÉ DOS CAMPOS/SP
https://www.lut.com.br//lote/motocicleta-honda-cg-fan-ks/86399,86399,"R$ 2.763,60",16/07/2021,20/08/2021 10:01:00,"R$ 150,00",Fechado,Honda,HONDA CG 125 FAN KS,fabricação2012,"R$ 4.606,00",SÃO PAULO/SP
https://www.lut.com.br//lote/motocicleta-honda-cbx-twister/86238,86238,"R$ 5.288,00",17/08/2021,20/08/2021 10:00:00,"R$ 200,00",Fechado,Honda,HONDA CBX 250 TWISTER,2006,"R$ 0,00",TREMEMBÉ/SP
https://www.lut.com.br//lote/veiculo-chevrolet-prisma-joy/86398,86398,"R$ 9.600,00",16/07/2021,20/08/2021 10:00:00,"R$ 300,00",Fechado,Chevrolet,PRISMA JOY,2008,"R$ 16.000,00",MOGI MIRIM/SP
https://www.lut.com.br//lote/veiculo-chevrolet-zafira-elite/86397,86397,"R$ 15.738,00",16/07/2021,20/08/2021 09:30:00,"R$ 1.000,00",Fechado,Chevrolet,ZAFIRA ELITE,2009,"R$ 31.476,00",SÃO PAULO/SP
https://www.lut.com.br//lote/veiculo-fiat-palio-fire/86279,86279,"R$ 7.000,00",13/07/2021,17/08/2021 11:00:00,"R$ 250,00",Fechado,FIAT,PALIO FIRE,2005,"R$ 10.000,00",FRANCA/SP
https://www.lut.com.br//lote/veiculo-fiat-siena-fire-flex/86234,86234,"R$ 17.317,00",13/08/2021,16/08/2021 10:00:00,"R$ 1.000,00",Fechado,FIAT,SIENA FIRE FLEX,defabricação2007,"R$ 17.317,00",SÃO PAULO/SP
https://www.lut.com.br//lote/veiculo-honda-civic-lxs/86246,86246,"R$ 19.800,00",12/07/2021,16/08/2021 10:00:00,"R$ 1.000,00",Fechado,Honda,CIVIC LXS,2008,"R$ 33.000,00",SERTÃOZINHO/SP
https://www.lut.com.br//lote/motocicleta-honda-biz-c/85676,85676,"R$ 3.161,00",10/08/2021,13/08/2021 09:30:00,"R$ 150,00",Fechado,Honda,HONDA BIZ C100,fabricação2004,"R$ 3.161,00",ARAÇATUBA/SP
https://www.lut.com.br//lote/veiculo-volkswagen-gol-tl-mcv/85806,85806,"R$ 30.000,00",10/08/2021,13/08/2021 09:30:00,"R$ 1.000,00",Fechado,Volkswagen,GOL TL MCV,defabricação2016,"R$ 30.000,00",BARUERI/SP
https://www.lut.com.br//lote/veiculo-volkswagen-gol-gl/86231,86231,"R$ 8.000,00",09/08/2021,12/08/2021 10:00:00,"R$ 300,00",Fechado,Volkswagen,GOL GL 1.8,1994,"R$ 8.000,00",SÃO SIMÃO/SP
https://www.lut.com.br//lote/veiculo-ford-focus-ti/86082,86082,"R$ 18.000,00",07/07/2021,11/08/2021 10:00:00,"R$ 1.000,00",Fechado,Ford,FOCUS TI,2011,"R$ 30.000,00",SÃO JOSÉ DOS CAMPOS/SP
https://www.lut.com.br//lote/veiculo-nissan-versa-unique/85913,85913,"R$ 26.457,25",05/07/2021,09/08/2021 10:32:04,"R$ 1.000,00",Fechado,Nissan,VERSA 16 UNIQUE,2015,"R$ 36.367,50",ARAÇATUBA/SP
https://www.lut.com.br//lote/veiculo-chevrolet-vectra-gls/86230,86230,"R$ 5.000,00",06/08/2021,09/08/2021 10:00:00,"R$ 200,00",Fechado,Chevrolet,VECTRA GLS,1999,"R$ 5.000,00",SÃO JOSÉ DOS CAMPOS/SP
https://www.lut.com.br//lote/motocicleta-honda-cg-titan-ks/85910,85910,"R$ 2.400,00",02/07/2021,06/08/2021 14:00:00,"R$ 150,00",Fechado,Honda,HONDA CG 180 TITAN KS,2007,"R$ 4.000,00",ARARAQUARA/SP
https://www.lut.com.br//lote/veiculo-jeep-renegade/85899,85899,"R$ 35.000,00",02/07/2021,,"R$ 1.000,00",,JEEP,RENEGADE,2015,"R$ 50.000,00",FRANCA/SP
https://www.lut.com.br//lote/veiculo-volkswagen-parati-cl/85814,85814,"R$ 9.575,00",03/08/2021,06/08/2021 11:00:00,"R$ 300,00",Fechado,Volkswagen,PARATI CL 1.8,Not found,"R$ 9.575,00",FRANCA/SP
https://www.lut.com.br//lote/motocicleta-sundown-web-evo/85793,85793,"R$ 973,20",29/06/2021,03/08/2021 12:30:00,"R$ 100,00",Fechado,Not Found,SUNDOWN / WEB 100 EVO,2006,"R$ 1.622,00",DIADEMA/SP
https://www.lut.com.br//lote/motocicleta-yamaha-dt-z/85804,85804,"R$ 1.872,00",31/07/2021,03/08/2021 10:00:00,"R$ 100,00",Fechado,Yamaha,YAMAHA DT 180Z,fabricação1988,"R$ 1.872,00",CAMPINAS/SP
https://www.lut.com.br//lote/veiculo-volkswagem-kombi/85663,85663,"R$ 4.500,00",27/07/2021,30/07/2021 10:00:00,"R$ 200,00",Fechado,Not Found,KOMBI,Not found,"R$ 4.500,00",BRAGANÇA PAULISTA/SP
https://www.lut.com.br//lote/veiculo-volkswagen-voyage/85801,85801,"R$ 23.000,00",26/07/2021,29/07/2021 11:00:00,"R$ 1.000,00",Fechado,Volkswagen,VOYAGE,2015,"R$ 23.000,00",SÃO JOSÉ DO RIO PRETO/SP
https://www.lut.com.br//lote/veiculo-volkswagen-polo/86083,86083,"R$ 14.794,20",08/07/2021,29/07/2021 10:00:00,"R$ 1.000,00",Fechado,Volkswagen,POLO 1.6,Not found,"R$ 24.657,00",CAMPINAS/SP
https://www.lut.com.br//lote/veiculo-chevrolet-corsa-hatch/85674,85674,"R$ 14.186,73",25/07/2021,28/07/2021 11:00:00,"R$ 1.000,00",Fechado,Chevrolet,CORSA HATCH,2003,"R$ 14.186,73",VINHEDO/SP
https://www.lut.com.br//lote/veiculo-chevrolet-agile-ltz/85800,85800,"R$ 25.000,00",23/07/2021,26/07/2021 11:00:00,"R$ 1.000,00",Fechado,Chevrolet,AGILE LTZ,Not found,"R$ 25.000,00",CAMPINAS/SP
https://www.lut.com.br//lote/motocicleta-honda-cg-cargo-ks/85912,85912,"R$ 2.910,00",05/07/2021,26/07/2021 10:00:00,"R$ 150,00",Fechado,Honda,HONDA CG125 CARGO KS,2013,"R$ 4.600,00",INDAIATUBA/SP
https://www.lut.com.br//lote/veiculo-fiat-ducato-maxicarga/85653,85653,"R$ 51.523,50",21/06/2021,26/07/2021 10:00:00,"R$ 2.500,00",Fechado,FIAT,DUCATO MAXICARGA,2015,"R$ 73.605,00",Não informado/SP
https://www.lut.com.br//lote/veiculo-ford-fiesta-gl/85911,85911,"R$ 4.060,00",05/07/2021,26/07/2021 09:30:00,"R$ 200,00",Fechado,Ford,FIESTA GL,2001,"R$ 5.800,00",FRANCA/SP
https://www.lut.com.br//lote/motocicleta-yamaha-ybr-ed/85572,85572,"R$ 1.586,40",18/06/2021,23/07/2021 13:00:00,"R$ 100,00",Fechado,Yamaha,YAMAHA YBR 125 ED,2002,"R$ 2.644,00",RIBEIRÃO PRETO/SP
https://www.lut.com.br//lote/veiculo-jaguar-x-type/85568,85568,"R$ 20.550,50",18/06/2021,23/07/2021 10:00:00,"R$ 1.000,00",Fechado,Not Found,X-TYPE 2.5,2001,"R$ 41.101,00",CAMPINAS/SP
https://www.lut.com.br//lote/veiculo-volkswagen-gol/85573,85573,"R$ 16.900,00",20/07/2021,23/07/2021 10:00:00,"R$ 1.000,00",Fechado,Volkswagen,GOL 1.0,2011,"R$ 16.900,00",ATIBAIA/SP
https://www.lut.com.br//lote/veiculo-chevrolet-s/85574,85574,"R$ 56.185,00",20/07/2021,23/07/2021 10:00:00,"R$ 2.500,00",Fechado,Chevrolet,S10,defabricação2012,"R$ 56.185,00",ARAÇATUBA/SP
https://www.lut.com.br//lote/veiculo-honda-fit-lx/85554,85554,"R$ 9.300,00",17/06/2021,22/07/2021 09:30:00,"R$ 300,00",Fechado,Honda,FIT LX,2004,"R$ 15.500,00",BRAGANÇA PAULISTA/SP
https://www.lut.com.br//lote/veiculo-jeep-renegade-sport-at/85511,85511,"R$ 45.010,70",14/06/2021,19/07/2021 10:00:00,"R$ 1.000,00",Fechado,JEEP,RENEGADE SPORT AT,2018,"R$ 64.301,00",FRANCA/SP
https://www.lut.com.br//lote/motocicleta-kawasaki-ninja-zx-r/85434,85434,"R$ 17.320,00",16/07/2021,19/07/2021 09:30:00,"R$ 1.000,00",Fechado,Not Found,KAWASAKI NINJA ZX-9R 900,1999,"R$ 17.320,00",SÃO JOSÉ DOS CAMPOS/SP
https://www.lut.com.br//lote/veiculo-chevrolet-prisma-joy/85480,85480,"R$ 16.000,00",13/07/2021,16/07/2021 10:00:00,"R$ 1.000,00",Fechado,Chevrolet,PRISMA JOY,2008,"R$ 16.000,00",MOGI MIRIM/SP
https://www.lut.com.br//lote/motocicleta-honda-cg-fan-ks/85504,85504,"R$ 4.606,00",13/07/2021,16/07/2021 10:00:00,"R$ 200,00",Fechado,Honda,HONDA CG 125 FAN KS,fabricação2012,"R$ 4.606,00",SÃO PAULO/SP
https://www.lut.com.br//lote/veiculo-toyota-corolla-xli-v-vt/85326,85326,"R$ 23.666,00",13/07/2021,,"R$ 1.000,00",,Toyota,COROLLA XLI 1.6 16V VT,2006,"R$ 23.666,00",RIBEIRÃO PRETO/SP
https://www.lut.com.br//lote/veiculo-chevrolet-zafira-elite/85433,85433,"R$ 31.476,00",13/07/2021,16/07/2021 09:30:00,"R$ 1.000,00",Fechado,Chevrolet,ZAFIRA ELITE,2009,"R$ 31.476,00",SÃO PAULO/SP
https://www.lut.com.br//lote/veiculo-ford-fiesta-ha/85495,85495,"R$ 19.745,40",10/06/2021,15/07/2021 10:01:36,"R$ 1.000,00",Fechado,Ford,FIESTA HA 1.5,2014,"R$ 32.909,00",CAMPINAS/SP
https://www.lut.com.br//lote/veiculo-fiat-strada/85494,85494,"R$ 15.781,40",10/06/2021,15/07/2021 09:30:00,"R$ 1.000,00",Fechado,FIAT,STRADA,2012,"R$ 22.969,00",CAMPINAS/SP
https://www.lut.com.br//lote/veiculo-fiat-palio-fire/85477,85477,"R$ 10.000,00",10/07/2021,13/07/2021 11:00:00,"R$ 1.000,00",Fechado,FIAT,PALIO FIRE,2005,"R$ 10.000,00",FRANCA/SP
https://www.lut.com.br//lote/veiculo-honda-civic-lxs/85476,85476,"R$ 33.000,00",09/07/2021,12/07/2021 10:00:00,"R$ 1.000,00",Fechado,Honda,CIVIC LXS,2008,"R$ 33.000,00",SERTÃOZINHO/SP
https://www.lut.com.br//lote/veiculo-citroen-xsara-picasso-gx/85440,85440,"R$ 7.960,80",03/06/2021,08/07/2021 14:00:00,"R$ 250,00",Fechado,Citroen,XSARA PICASSO GX,2003,"R$ 13.268,00",SERTÃOZINHO/SP
https://www.lut.com.br//lote/veiculo-volkswagen-polo/85469,85469,"R$ 24.657,00",05/07/2021,08/07/2021 10:00:00,"R$ 1.000,00",Fechado,Volkswagen,POLO 1.6,Not found,"R$ 24.657,00",CAMPINAS/SP
https://www.lut.com.br//lote/veiculo-fiat-uno-mille-economy/85438,85438,"R$ 8.400,00",03/06/2021,08/07/2021 09:30:00,"R$ 300,00",Fechado,FIAT,UNO MILLE ECONOMY,Not found,"R$ 14.000,00",SÃO JOSÉ DOS CAMPOS/SP
https://www.lut.com.br//lote/veiculo-ford-focus-ti/85378,85378,"R$ 30.000,00",04/07/2021,07/07/2021 10:00:00,"R$ 1.000,00",Fechado,Ford,FOCUS TI,2011,"R$ 30.000,00",SÃO JOSÉ DOS CAMPOS/SP
https://www.lut.com.br//lote/motocicleta-honda-cg-fan/85391,85391,"R$ 5.100,00",01/06/2021,06/07/2021 14:00:00,"R$ 200,00",Fechado,Honda,HONDA CG160 FAN,fabricação2015,"R$ 8.500,00",ARARAQUARA/SP
https://www.lut.com.br//lote/motocicleta-honda-biz-c/85387,85387,"R$ 2.212,70",01/06/2021,06/07/2021 09:30:00,"R$ 150,00",Fechado,Honda,HONDA BIZ C100,fabricação2004,"R$ 3.161,00",ARAÇATUBA/SP
https://www.lut.com.br//lote/veiculo-chevrolet-classic-ls/85383,85383,"R$ 13.305,60",31/05/2021,,"R$ 1.000,00",,Chevrolet,CLASSIC LS,2012,"R$ 22.176,00",SOROCABA/SP
https://www.lut.com.br//lote/veiculo-nissan-versa-unique/85069,85069,"R$ 36.367,50",02/07/2021,05/07/2021 10:30:00,"R$ 1.000,00",Fechado,Nissan,VERSA 16 UNIQUE,2015,"R$ 36.367,50",ARAÇATUBA/SP
https://www.lut.com.br//lote/motocicleta-honda-cg-cargo-ks/84901,84901,"R$ 4.600,00",02/07/2021,05/07/2021 10:00:00,"R$ 200,00",Fechado,Honda,HONDA CG125 CARGO KS,2013,"R$ 4.600,00",INDAIATUBA/SP
https://www.lut.com.br//lote/veiculo-ford-fiesta-gl/85427,85427,"R$ 5.800,00",02/07/2021,05/07/2021 09:30:00,"R$ 200,00",Fechado,Ford,FIESTA GL,2001,"R$ 5.800,00",FRANCA/SP
https://www.lut.com.br//lote/motocicleta-honda-cg-titan-ks/85066,85066,"R$ 4.000,00",29/06/2021,02/07/2021 14:00:00,"R$ 200,00",Fechado,Honda,HONDA CG 180 TITAN KS,2007,"R$ 4.000,00",ARARAQUARA/SP
https://www.lut.com.br//lote/veiculo-jeep-renegade/85068,85068,"R$ 50.000,00",29/06/2021,02/07/2021 11:00:00,"R$ 2.500,00",Fechado,JEEP,RENEGADE,2015,"R$ 50.000,00",FRANCA/SP
https://www.lut.com.br//lote/motocicleta-honda-biz-c-es/85341,85341,"R$ 3.700,00",29/06/2021,,"R$ 150,00",,Honda,HONDA BIZ C100 ES,2005,"R$ 3.700,00",SÃO JOSÉ DO RIO PRETO/SP
https://www.lut.com.br//lote/motocicleta-sundown-web-evo/85067,85067,"R$ 1.622,00",26/06/2021,29/06/2021 12:30:00,"R$ 100,00",Fechado,Not Found,SUNDOWN / WEB 100 EVO,2006,"R$ 1.622,00",DIADEMA/SP
https://www.lut.com.br//lote/veiculo-ford-fiesta/85110,85110,"R$ 5.400,00",24/05/2021,28/06/2021 09:30:00,"R$ 200,00",Fechado,Ford,FIESTA,2003,"R$ 9.000,00",CAMPINAS/SP
https://www.lut.com.br//lote/motocicleta-honda-cbx-twister/85443,85443,"R$ 3.224,20",04/06/2021,25/06/2021 10:15:00,"R$ 150,00",Fechado,Honda,HONDA CBX 250 TWISTER,2002,"R$ 4.606,00",ARAÇATUBA/SP
https://www.lut.com.br//lote/veiculo-jac-j-diamond/85075,85075,"R$ 14.398,20",21/05/2021,25/06/2021 09:30:00,"R$ 1.000,00",Fechado,Not Found,J6 2.0 DIAMOND,2012,"R$ 23.997,00",CAMPINAS/SP
https://www.lut.com.br//lote/veiculo-chevrolet-agile-match/85051,85051,"R$ 11.275,50",18/05/2021,22/06/2021 11:00:00,"R$ 1.000,00",Fechado,Chevrolet,AGILE MATCH 1.4,Not found,"R$ 22.551,00",SÃO PAULO/SP
https://www.lut.com.br//lote/veiculo-toyota-hilux-sw/84903,84903,"R$ 48.818,00",17/05/2021,21/06/2021 10:00:00,"R$ 1.000,00",Fechado,Toyota,HILUX SW4,s2019,"R$ 63.030,00",RIBEIRÃO PRETO/SP
https://www.lut.com.br//lote/veiculo-fiat-ducato-maxicarga/84889,84889,"R$ 73.605,00",18/06/2021,21/06/2021 10:00:00,"R$ 2.500,00",Fechado,FIAT,DUCATO MAXICARGA,2015,"R$ 73.605,00",Não informado/SP
https://www.lut.com.br//lote/motocicleta-yamaha-ybr-ed/85325,85325,"R$ 2.644,00",15/06/2021,18/06/2021 13:00:00,"R$ 150,00",Fechado,Yamaha,YAMAHA YBR 125 ED,2002,"R$ 2.644,00",RIBEIRÃO PRETO/SP
https://www.lut.com.br//lote/veiculo-fiat-strada-working/84891,84891,"R$ 25.400,00",14/05/2021,18/06/2021 10:01:53,"R$ 1.000,00",Fechado,FIAT,STRADA WORKING,2014,"R$ 32.000,00",ARAÇATUBA/SP
https://www.lut.com.br//lote/veiculo-jaguar-x-type/84823,84823,"R$ 41.101,00",15/06/2021,18/06/2021 10:00:00,"R$ 1.000,00",Fechado,Not Found,X-TYPE 2.5,2001,"R$ 41.101,00",CAMPINAS/SP
https://www.lut.com.br//lote/veiculo-hyundai-vera-cruz-gls/84275,84275,"R$ 21.418,00",11/05/2021,18/06/2021 10:00:00,"R$ 1.000,00",Fechado,Hyundai,VERA CRUZ GLS,2010,"R$ 42.836,00",ARUJÁ/SP
https://www.lut.com.br//lote/veiculo-hyundai-vera-cruz-gls/84275,84275,"R$ 21.418,00",11/05/2021,18/06/2021 10:00:00,"R$ 1.000,00",Fechado,Hyundai,VERA CRUZ GLS,2010,"R$ 42.836,00",ARUJÁ/SP
https://www.lut.com.br//lote/veiculo-honda-fit-lx/84840,84840,"R$ 15.500,00",14/06/2021,17/06/2021 09:30:00,"R$ 1.000,00",Fechado,Honda,FIT LX,2004,"R$ 15.500,00",BRAGANÇA PAULISTA/SP
https://www.lut.com.br//lote/veiculo-volkswagen-gol-gl/84276,84276,"R$ 7.852,20",07/05/2021,14/06/2021 13:08:57,"R$ 200,00",Fechado,Volkswagen,GOL GL,1994,"R$ 8.087,00",São Pedro/SP
https://www.lut.com.br//lote/veiculo-jeep-renegade-sport-at/84839,84839,"R$ 64.301,00",11/06/2021,14/06/2021 11:00:00,"R$ 2.500,00",Fechado,JEEP,RENEGADE SPORT AT,2018,"R$ 64.301,00",FRANCA/SP
https://www.lut.com.br//lote/veiculo-honda-cr-v-exl/84631,84631,"R$ 71.582,00",11/06/2021,14/06/2021 09:30:00,"R$ 2.500,00",Fechado,Honda,CR-V EXL,2013,"R$ 71.582,00",SÃO PAULO/SP
https://www.lut.com.br//lote/veiculo-ford-fiesta-ha/84885,84885,"R$ 32.909,00",07/06/2021,10/06/2021 10:00:00,"R$ 1.000,00",Fechado,Ford,FIESTA HA 1.5,2014,"R$ 32.909,00",CAMPINAS/SP
https://www.lut.com.br//lote/veiculo-chevrolet-celta-life/83920,83920,"R$ 14.145,00",03/05/2021,10/06/2021 09:30:00,"R$ 1.000,00",Fechado,Chevrolet,CHEVROLET CELTA LIFE,fabr.2009,"R$ 14.145,00",SÃO PAULO/SP
https://www.lut.com.br//lote/veiculo-fiat-strada/84817,84817,"R$ 22.969,00",07/06/2021,10/06/2021 09:30:00,"R$ 1.000,00",Fechado,FIAT,STRADA,2012,"R$ 22.969,00",CAMPINAS/SP
https://www.lut.com.br//lote/veiculo-chevrolet-celta-spirit/84724,84724,"R$ 12.675,60",05/05/2021,,"R$ 1.000,00",,Chevrolet,CELTA SPIRIT,Not found,"R$ 21.126,00",CAMPINAS/SP
https://www.lut.com.br//lote/veiculo-kia-sportage-lx-offg/84665,84665,"R$ 34.800,00",04/05/2021,08/06/2021 11:00:00,"R$ 1.000,00",Fechado,Kia,KIA SPORTAGE LX2 OFFG4,2013,"R$ 58.000,00",SÃO SEBASTIÃO/SP
https://www.lut.com.br//lote/uma-motocicleta-honda-xr-tornado/84666,84666,"R$ 1.400,00",04/05/2021,08/06/2021 11:00:00,"R$ 100,00",Fechado,Honda,MOTOCICLETA HONDA XR250 TORNADO,fabricação2002,"R$ 2.800,00",ATIBAIA/SP
https://www.lut.com.br//lote/veiculo-volkswagen-gol-v/84661,84661,"R$ 4.504,80",03/05/2021,07/06/2021 10:00:00,"R$ 200,00",Fechado,Volkswagen,GOL 16V,1999,"R$ 7.508,00",SERTÃOZINHO/SP
https://www.lut.com.br//lote/veiculo-volkswagen-kombi/84629,84629,"R$ 21.842,00",04/06/2021,07/06/2021 09:30:00,"R$ 1.000,00",Fechado,Volkswagen,KOMBI,2010,"R$ 21.842,00",SERTÃOZINHO/SP
https://www.lut.com.br//lote/motocicleta-honda-cbx-twister/84828,84828,"R$ 4.606,00",01/06/2021,04/06/2021 10:15:00,"R$ 200,00",Fechado,Honda,HONDA CBX 250 TWISTER,2002,"R$ 4.606,00",ARAÇATUBA/SP
https://www.lut.com.br//lote/veiculo-volkswagen-gol/84645,84645,"R$ 8.400,00",30/04/2021,04/06/2021 09:30:00,"R$ 300,00",Fechado,Volkswagen,GOL 1.0,2009,"R$ 12.000,00",RESTINGA/SP
https://www.lut.com.br//lote/veiculo-citroen-xsara-picasso-gx/84826,84826,"R$ 13.268,00",31/05/2021,03/06/2021 14:00:00,"R$ 1.000,00",Fechado,Citroen,XSARA PICASSO GX,2003,"R$ 13.268,00",SERTÃOZINHO/SP
https://www.lut.com.br//lote/veiculo-fiat-uno-mille-economy/84613,84613,"R$ 14.000,00",31/05/2021,03/06/2021 09:30:00,"R$ 1.000,00",Fechado,FIAT,UNO MILLE ECONOMY,Not found,"R$ 14.000,00",SÃO JOSÉ DOS CAMPOS/SP
https://www.lut.com.br//lote/motocicleta-honda-biz-es/84634,84634,"R$ 2.700,00",29/04/2021,02/06/2021 10:00:00,"R$ 150,00",Fechado,Honda,HONDA BIZ 125ES,2006,"R$ 4.500,00",PONTAL/SP
https://www.lut.com.br//lote/motocicleta-honda-cg-fan/84586,84586,"R$ 8.500,00",29/05/2021,01/06/2021 14:00:00,"R$ 300,00",Fechado,Honda,HONDA CG160 FAN,fabricação2015,"R$ 8.500,00",ARARAQUARA/SP
https://www.lut.com.br//lote/veiculo-chevrolet-celta/84604,84604,"R$ 4.200,00",27/04/2021,01/06/2021 10:30:00,"R$ 200,00",Fechado,Chevrolet,CHEVROLET CELTA,2006,"R$ 7.000,00",MOGI DAS CRUZES/SP
https://www.lut.com.br//lote/veiculo-peugeot/84603,84603,"R$ 10.850,00",27/04/2021,01/06/2021 10:00:00,"R$ 1.000,00",Fechado,Peugeot,307,2004,"R$ 15.500,00",ARAÇATUBA/SP
https://www.lut.com.br//lote/motocicleta-honda-biz-c/84625,84625,"R$ 3.161,00",29/05/2021,01/06/2021 09:30:00,"R$ 150,00",Fechado,Honda,HONDA BIZ C100,fabricação2004,"R$ 3.161,00",ARAÇATUBA/SP
https://www.lut.com.br//lote/veiculo-chevrolet-classic-ls/84595,84595,"R$ 22.176,00",28/05/2021,31/05/2021 11:00:00,"R$ 1.000,00",Fechado,Chevrolet,CLASSIC LS,2012,"R$ 22.176,00",SOROCABA/SP
https://www.lut.com.br//lote/motocicleta-suzuki-bandit/84600,84600,"R$ 12.360,00",26/04/2021,31/05/2021 10:30:00,"R$ 1.000,00",Fechado,SUZUKI,SUZUKI BANDIT 1250,Not found,"R$ 20.600,00",VALINHOS/SP
https://www.lut.com.br//lote/veiculo-chevrolet-zafira-elite/84816,84816,"R$ 31.476,00",28/05/2021,,"R$ 1.000,00",,Chevrolet,ZAFIRA ELITE,2009,"R$ 31.476,00",SÃO PAULO/SP
https://www.lut.com.br//lote/veiculo-chevrolet-zafira-elite/84315,84315,"R$ 28.429,00",28/05/2021,,"R$ 1.000,00",,Chevrolet,ZAFIRA ELITE,2009,"R$ 28.429,00",SÃO PAULO/SP
https://www.lut.com.br//lote/veiculo-chevrolet-chevette-sl/84596,84596,"R$ 2.240,00",26/04/2021,31/05/2021 09:30:00,"R$ 150,00",Fechado,Chevrolet,CHEVROLET CHEVETTE SL,1984,"R$ 3.200,00",FRANCA/SP
https://www.lut.com.br//lote/veiculo-renault-sandero-exp/84582,84582,"R$ 14.000,00",23/04/2021,28/05/2021 09:30:00,"R$ 1.000,00",Fechado,RENAULT,RENAULT SANDERO EXP,2012,"R$ 20.000,00",SÃO JOSÉ DOS CAMPOS/SP
https://www.lut.com.br//lote/veiculo-chevrolet/84561,84561,"R$ 19.500,00",22/04/2021,,"R$ 1.000,00",,Chevrolet,1966,fabricação1966,"R$ 32.500,00",RIBEIRÃO PRETO/SP
https://www.lut.com.br//lote/veiculo-chevrolet-s/84559,84559,"R$ 9.627,46",22/04/2021,27/05/2021 09:30:00,"R$ 300,00",Fechado,Chevrolet,S10,Not found,"R$ 19.254,91",SÃO PAULO/SP
https://www.lut.com.br//lote/veiculo-ford-fiesta/84340,84340,"R$ 9.000,00",21/05/2021,24/05/2021 09:30:00,"R$ 300,00",Fechado,Ford,FIESTA,2003,"R$ 9.000,00",CAMPINAS/SP
https://www.lut.com.br//lote/veiculo-nissan-march-s/84467,84467,"R$ 13.958,40",19/04/2021,24/05/2021 09:30:00,"R$ 1.000,00",Fechado,Nissan,MARCH 10S,2011,"R$ 23.264,00",ARARAQUARA/SP
https://www.lut.com.br//lote/veiculo-volkswagen-kombi-standard-mi/84551,84551,"R$ 30.000,00",18/05/2021,,"R$ 1.000,00",,Volkswagen,KOMBI STANDARD 1.4 MI,defabricação2011,"R$ 30.000,00",SERTÃOZINHO/SP
https://www.lut.com.br//lote/veiculo-volkswagen-saveiro-cs/83691,83691,"R$ 28.000,00",27/04/2021,21/05/2021 10:00:00,"R$ 1.000,00",Fechado,Volkswagen,VOLKSWAGEN SAVEIRO 1.6 CS,2012,"R$ 28.000,00",DUMONT/SP
https://www.lut.com.br//lote/veiculo-jac-j-diamond/84337,84337,"R$ 23.997,00",18/05/2021,21/05/2021 09:30:00,"R$ 1.000,00",Fechado,Not Found,J6 2.0 DIAMOND,2012,"R$ 23.997,00",CAMPINAS/SP
https://www.lut.com.br//lote/veiculo-volkswagen-golf-gl/84437,84437,"R$ 6.840,40",16/04/2021,21/05/2021 09:30:00,"R$ 250,00",Fechado,Volkswagen,GOLF GL,1998,"R$ 9.772,00",ARAÇATUBA/SP
https://www.lut.com.br//lote/veiculo-chevrolet-agile-match/84436,84436,"R$ 22.551,00",15/05/2021,18/05/2021 11:00:00,"R$ 1.000,00",Fechado,Chevrolet,AGILE MATCH 1.4,Not found,"R$ 22.551,00",SÃO PAULO/SP
https://www.lut.com.br//lote/veiculo-ford-ka/84343,84343,"R$ 10.687,80",13/04/2021,18/05/2021 09:30:00,"R$ 1.000,00",Fechado,Ford,KA,2011,"R$ 17.813,00",SOROCABA/SP
https://www.lut.com.br//lote/veiculo-fiat-palio-fire/84320,84320,"R$ 10.800,00",12/04/2021,17/05/2021 11:30:00,"R$ 1.000,00",Fechado,FIAT,FIAT PALIO FIRE,2008,"R$ 18.000,00",JABOTICABAL/SP
https://www.lut.com.br//lote/veiculo-chevrolet-corsa-hatch/84319,84319,"R$ 7.093,37",12/04/2021,17/05/2021 11:00:00,"R$ 250,00",Fechado,Chevrolet,CHEVROLET CORSA HATCH,2003,"R$ 14.186,73",VINHEDO/SP
https://www.lut.com.br//lote/veiculo-fiat-uno-sporting/84317,84317,"R$ 18.259,80",12/04/2021,17/05/2021 10:00:00,"R$ 1.000,00",Fechado,FIAT,FIAT UNO SPORTING,defabricação2014,"R$ 30.433,00",SERTÃOZINHO/SP
https://www.lut.com.br//lote/veiculo-toyota-hilux-sw/84435,84435,"R$ 63.030,00",14/05/2021,17/05/2021 10:00:00,"R$ 2.500,00",Fechado,Toyota,HILUX SW4,s2019,"R$ 63.030,00",RIBEIRÃO PRETO/SP
https://www.lut.com.br//lote/veiculo-volkswagen-fusca/84316,84316,"R$ 1.400,00",12/04/2021,17/05/2021 09:30:00,"R$ 100,00",Fechado,Volkswagen,VOLKSWAGEN FUSCA,Not found,"R$ 2.000,00",RESTINGA/SP
https://www.lut.com.br//lote/veiculo-ford-ka-flex/84597,84597,"R$ 9.936,00",26/04/2021,17/05/2021 09:30:00,"R$ 300,00",Fechado,Ford,KA FLEX,2010,"R$ 16.560,00",BRAGANÇA PAULISTA/SP
https://www.lut.com.br//lote/veiculo-toyota-corolla-xei/84313,84313,"R$ 23.174,75",11/05/2021,14/05/2021 10:00:00,"R$ 1.000,00",Fechado,Toyota,COROLLA XEI,fabricação2004,"R$ 23.174,75",BRASILIA/DF
https://www.lut.com.br//lote/veiculo-fiat-strada-working/84283,84283,"R$ 32.000,00",11/05/2021,14/05/2021 10:00:00,"R$ 1.000,00",Fechado,FIAT,STRADA WORKING,2014,"R$ 32.000,00",ARAÇATUBA/SP
https://www.lut.com.br//lote/veiculo-toyota-corolla-xei/84313,84313,"R$ 23.174,75",11/05/2021,14/05/2021 10:00:00,"R$ 1.000,00",Fechado,Toyota,COROLLA XEI,fabricação2004,"R$ 23.174,75",BRASILIA/DF
https://www.lut.com.br//lote/motocicleta-honda-cg/84267,84267,"R$ 2.910,00",08/04/2021,13/05/2021 10:00:00,"R$ 150,00",Fechado,Honda,HONDA CG 125,2013,"R$ 4.600,00",INDAIATUBA/SP
https://www.lut.com.br//lote/motocicleta-yamaha-neo/84266,84266,"R$ 1.927,20",08/04/2021,13/05/2021 09:30:00,"R$ 100,00",Fechado,Yamaha,YAMAHA NEO,Not found,"R$ 3.212,00",SERTÃOZINHO/SP
https://www.lut.com.br//lote/veiculo-ford-courier/84217,84217,"R$ 13.012,80",05/04/2021,10/05/2021 09:30:00,"R$ 1.000,00",Fechado,Ford,COURIER,2012,"R$ 21.688,00",CAMPINAS/SP
https://www.lut.com.br//lote/motocicleta-honda-cg/84216,84216,"R$ 1.192,80",04/04/2021,07/05/2021 13:30:00,"R$ 100,00",Fechado,Honda,HONDA CG125,1990,"R$ 1.704,00",SANTA CRUZ DO RIO PARDO/SP
https://www.lut.com.br//lote/motocicleta-yamaha/84007,84007,"R$ 1.123,20",02/04/2021,07/05/2021 13:30:00,"R$ 100,00",Fechado,Yamaha,YAMAHA,fabricação1988,"R$ 1.872,00",CAMPINAS/SP
https://www.lut.com.br//lote/veiculo-volkswagen-gol/84003,84003,"R$ 5.987,40",02/04/2021,07/05/2021 09:30:00,"R$ 200,00",Fechado,Volkswagen,VOLKSWAGEN GOL,Not found,"R$ 9.979,00",SANTO ANDRÉ/SP
https://www.lut.com.br//lote/veiculo-chevrolet-vectra-gls/84432,84432,"R$ 5.036,40",15/04/2021,06/05/2021 11:00:00,"R$ 200,00",Fechado,Chevrolet,VECTRA GLS,1995,"R$ 8.394,00",SERTÃOZINHO/SP
https://www.lut.com.br//lote/veiculo-renault-logan/84428,84428,"R$ 11.964,60",15/04/2021,06/05/2021 10:00:00,"R$ 1.000,00",Fechado,RENAULT,LOGAN,2011,"R$ 19.941,00",CAMPINAS/SP
https://www.lut.com.br//lote/veiculo-fiat-marea-hlx/83995,83995,"R$ 4.500,00",01/04/2021,06/05/2021 09:30:00,"R$ 200,00",Fechado,FIAT,MAREA HLX,1998,"R$ 7.500,00",SÃO JOSÉ DOS CAMPOS/SP
https://www.lut.com.br//lote/veiculo-chevrolet-celta-spirit/83955,83955,"R$ 21.126,00",02/05/2021,05/05/2021 12:00:00,"R$ 1.000,00",Fechado,Chevrolet,CELTA SPIRIT,Not found,"R$ 21.126,00",CAMPINAS/SP
https://www.lut.com.br//lote/veiculo-kia-sportage-lx-offg/83882,83882,"R$ 58.000,00",01/05/2021,04/05/2021 11:00:00,"R$ 2.500,00",Fechado,Kia,KIA SPORTAGE LX2 OFFG4,2013,"R$ 58.000,00",SÃO SEBASTIÃO/SP
https://www.lut.com.br//lote/uma-motocicleta-honda-xr-tornado/83883,83883,"R$ 2.800,00",01/05/2021,04/05/2021 11:00:00,"R$ 150,00",Fechado,Honda,MOTOCICLETA HONDA XR250 TORNADO,fabricação2002,"R$ 2.800,00",ATIBAIA/SP
https://www.lut.com.br//lote/veiculo-fiat-uno-mille/83987,83987,"R$ 8.100,00",30/03/2021,04/05/2021 09:30:00,"R$ 300,00",Fechado,FIAT,/ UNO MILLE,2007,"R$ 13.500,00",ARARAQUARA/SP
https://www.lut.com.br//lote/motocicleta-honda-cg/83971,83971,"R$ 1.409,80",29/03/2021,03/05/2021 10:30:00,"R$ 100,00",Fechado,Honda,HONDA CG 125,1989,"R$ 2.014,00",SANTA CRUZ DO RIO PARDO/SP
https://www.lut.com.br//lote/veiculo-nissan-x-trail-se/84318,84318,"R$ 33.600,00",12/04/2021,03/05/2021 10:30:00,"R$ 1.000,00",Fechado,Nissan,NISSAN X TRAIL SE,2008,"R$ 56.000,00",SERTÃOZINHO/SP
https://www.lut.com.br//lote/veiculo-reboque-free-hobby/83970,83970,"R$ 1.200,00",29/03/2021,03/05/2021 10:00:00,"R$ 100,00",Fechado,Not Found,FREE HOBBY,2012,"R$ 2.000,00",SÃO JOSÉ DO RIO PRETO/SP
https://www.lut.com.br//lote/veiculo-volkswagen-gol-v/83731,83731,"R$ 7.508,00",30/04/2021,03/05/2021 10:00:00,"R$ 250,00",Fechado,Volkswagen,GOL 16V,1999,"R$ 7.508,00",SERTÃOZINHO/SP
https://www.lut.com.br//lote/veiculo-chevrolet-meriva/83968,83968,"R$ 11.033,50",29/03/2021,03/05/2021 10:00:00,"R$ 1.000,00",Fechado,Chevrolet,/ MERIVA,2009,"R$ 22.067,00",SÃO PAULO/SP
https://www.lut.com.br//lote/veiculo-volkswagen-fox/83969,83969,"R$ 9.800,00",29/03/2021,03/05/2021 10:00:00,"R$ 300,00",Fechado,Volkswagen,FOX,2008,"R$ 19.600,00",CAMPINAS/SP
https://www.lut.com.br//lote/motocicleta-honda-fan/83964,83964,"R$ 1.250,00",29/03/2021,03/05/2021 09:30:00,"R$ 100,00",Fechado,Honda,HONDA FAN 125,defabricação2005,"R$ 2.500,00",CAMPINAS/SP
https://www.lut.com.br//lote/motocicleta-honda-cg/83952,83952,"R$ 1.800,00",26/03/2021,30/04/2021 10:30:00,"R$ 100,00",Fechado,Honda,HONDA CG125,2002,"R$ 3.000,00",Minas Gerais/SP
https://www.lut.com.br//lote/veiculo-vw-novo-gol/83951,83951,"R$ 16.200,00",26/03/2021,30/04/2021 10:00:00,"R$ 1.000,00",Fechado,Not Found,/ NOVO GOL,defabricação2014,"R$ 27.000,00",SERTÃOZINHO/SP
https://www.lut.com.br//lote/veiculo-volkswagen-gol/83690,83690,"R$ 12.000,00",27/04/2021,30/04/2021 09:30:00,"R$ 1.000,00",Fechado,Volkswagen,GOL 1.0,2009,"R$ 12.000,00",RESTINGA/SP
https://www.lut.com.br//lote/veiculo-ford-corcel/83950,83950,"R$ 1.500,00",26/03/2021,30/04/2021 09:30:00,"R$ 100,00",Fechado,Ford,CORCEL,defabricação1975,"R$ 3.000,00",SÃO CAETANO DO SUL/SP
https://www.lut.com.br//lote/veiculotoyota-corolla-xei-vvt/84427,84427,"R$ 2.021,31",14/04/2021,29/04/2021 15:15:00,"R$ 150,00",Fechado,Toyota,COROLLA XEI 18 VVT 2004/2005,Not found,"R$ 20.213,16",São Paulo/SP
https://www.lut.com.br//lote/motocicleta-dafra-kansas/83917,83917,"R$ 1.461,00",25/03/2021,29/04/2021 10:30:00,"R$ 100,00",Fechado,Dafra,DAFRA KANSAS,fabricação2008,"R$ 2.922,00",BARRINHA/SP
https://www.lut.com.br//lote/motocicleta-honda-c-dream/84268,84268,"R$ 1.386,60",08/04/2021,29/04/2021 10:30:00,"R$ 100,00",Fechado,Honda,HONDA C100 DREAM,1997,"R$ 2.311,00",INDAIATUBA/SP
https://www.lut.com.br//lote/motocicleta-yamaha-fazer-ys/83914,83914,"R$ 3.600,00",25/03/2021,29/04/2021 10:00:00,"R$ 150,00",Fechado,Yamaha,YAMAHA FAZER YS250,Not found,"R$ 6.000,00",SÃO JOSÉ DOS CAMPOS/SP
https://www.lut.com.br//lote/veiculo-gm-corsa-sedan-premium-ano/83733,83733,"R$ 10.885,80",19/03/2021,29/04/2021 10:16:16,"R$ 150,00",Fechado,Not Found,CORSA SEDAN PREMIUM ANO 2007/2008,2007,,Praia Grande/SP
https://www.lut.com.br//lote/veiculo-ford-del-rey/83915,83915,"R$ 1.099,50",25/03/2021,29/04/2021 10:00:00,"R$ 100,00",Fechado,Ford,FORD DEL REY,1984,"R$ 2.199,00",SÃO JOSÉ DOS CAMPOS/SP
https://www.lut.com.br//lote/motocicleta-yamaha-fazer-ys/83914,83914,"R$ 3.600,00",25/03/2021,29/04/2021 10:00:00,"R$ 150,00",Fechado,Yamaha,YAMAHA FAZER YS250,Not found,"R$ 6.000,00",SÃO JOSÉ DOS CAMPOS/SP
https://www.lut.com.br//lote/veiculo-chevrolet-zafira-elite/83888,83888,"R$ 14.214,50",24/03/2021,28/04/2021 09:30:00,"R$ 1.000,00",Fechado,Chevrolet,CHEVROLET ZAFIRA ELITE,2009,"R$ 28.429,00",SÃO PAULO/SP
https://www.lut.com.br//lote/veiculo-chevrolet-celta/83622,83622,"R$ 7.000,00",24/04/2021,27/04/2021 10:30:00,"R$ 250,00",Fechado,Chevrolet,CHEVROLET CELTA,2006,"R$ 7.000,00",MOGI DAS CRUZES/SP
https://www.lut.com.br//lote/veiculo-peugeot/83609,83609,"R$ 15.500,00",24/04/2021,27/04/2021 10:00:00,"R$ 1.000,00",Fechado,Peugeot,307,2004,"R$ 15.500,00",ARAÇATUBA/SP
https://www.lut.com.br//lote/motocicleta-suzuki-bandit/83623,83623,"R$ 20.600,00",23/04/2021,26/04/2021 10:30:00,"R$ 1.000,00",Fechado,SUZUKI,SUZUKI BANDIT 1250,Not found,"R$ 20.600,00",VALINHOS/SP
https://www.lut.com.br//lote/veiculo-chevrolet-chevette-sl/83599,83599,"R$ 3.200,00",23/04/2021,26/04/2021 09:30:00,"R$ 150,00",Fechado,Chevrolet,CHEVROLET CHEVETTE SL,1984,"R$ 3.200,00",FRANCA/SP
https://www.lut.com.br//lote/veiculo-ford-ka-flex/83621,83621,"R$ 16.560,00",23/04/2021,26/04/2021 09:30:00,"R$ 1.000,00",Fechado,Ford,FORD KA FLEX,2010,"R$ 16.560,00",BRAGANÇA PAULISTA/SP
https://www.lut.com.br//lote/veiculo-volkswagen-saveiro/84004,84004,"R$ 11.400,00",02/04/2021,23/04/2021 10:30:00,"R$ 1.000,00",Fechado,Volkswagen,SAVEIRO,2008,"R$ 19.000,00",MOGI MIRIM/SP
https://www.lut.com.br//lote/veiculo-renault-sandero-exp/83610,83610,"R$ 20.000,00",20/04/2021,23/04/2021 09:30:00,"R$ 1.000,00",Fechado,RENAULT,RENAULT SANDERO EXP,2012,"R$ 20.000,00",SÃO JOSÉ DOS CAMPOS/SP
https://www.lut.com.br//lote/veiculo-chevrolet/83104,83104,"R$ 32.500,00",19/04/2021,22/04/2021 10:30:00,"R$ 1.000,00",Fechado,Chevrolet,1966,fabricação1966,"R$ 32.500,00",RIBEIRÃO PRETO/SP
https://www.lut.com.br//lote/veiculo-mitsubishi-l/83719,83719,"R$ 32.187,00",18/03/2021,22/04/2021 10:00:00,"R$ 1.000,00",Fechado,MITSUBISHI,L200,2010,"R$ 53.645,00",CAMPINAS/SP
https://www.lut.com.br//lote/veiculo-chevrolet-s/83502,83502,"R$ 19.254,91",19/04/2021,22/04/2021 09:30:00,"R$ 1.000,00",Fechado,Chevrolet,S10,Not found,"R$ 19.254,91",SÃO PAULO/SP
https://www.lut.com.br//lote/motocicleta-honda-biz/83692,83692,"R$ 3.280,80",15/03/2021,19/04/2021 10:00:00,"R$ 150,00",Fechado,Honda,HONDA BIZ,2010,"R$ 5.468,00",BRAGANÇA PAULISTA/SP
https://www.lut.com.br//lote/veiculo-chevrolet-corsa-sedan/83693,83693,"R$ 9.901,80",15/03/2021,19/04/2021 10:00:00,"R$ 300,00",Fechado,Chevrolet,CORSA SEDAN,Not found,"R$ 16.503,00",LAVRAS/MG
https://www.lut.com.br//lote/veiculo-nissan-march-s/83877,83877,"R$ 23.264,00",16/04/2021,19/04/2021 09:30:00,"R$ 1.000,00",Fechado,Nissan,MARCH 10S,2011,"R$ 23.264,00",ARARAQUARA/SP
https://www.lut.com.br//lote/motocicleta-honda-biz/83674,83674,"R$ 3.234,00",12/03/2021,16/04/2021 14:00:00,"R$ 150,00",Fechado,Honda,HONDA BIZ,fabricação2012,"R$ 5.390,00",ARARAQUARA/SP
https://www.lut.com.br//lote/motocicleta-yamaha-fazer/83624,83624,"R$ 4.650,00",12/03/2021,16/04/2021 10:00:00,"R$ 200,00",Fechado,Yamaha,YAMAHA FAZER,Not found,"R$ 7.750,00",SERTÃOZINHO/SP
https://www.lut.com.br//lote/veiculo-fiat-uno/83625,83625,"R$ 6.420,26",12/03/2021,16/04/2021 10:00:00,"R$ 250,00",Fechado,FIAT,/ UNO,2003,"R$ 10.700,44",RIBEIRÃO PRETO/SP
https://www.lut.com.br//lote/veiculo-volkswagen-golf-gl/83139,83139,"R$ 9.772,00",13/04/2021,16/04/2021 09:30:00,"R$ 300,00",Fechado,Volkswagen,GOLF GL,1998,"R$ 9.772,00",ARAÇATUBA/SP
https://www.lut.com.br//lote/veiculo-chevrolet-vectra-gls/83554,83554,"R$ 8.394,00",12/04/2021,15/04/2021 11:00:00,"R$ 300,00",Fechado,Chevrolet,VECTRA GLS,1995,"R$ 8.394,00",SERTÃOZINHO/SP
https://www.lut.com.br//lote/motocicleta-kasinski-cruise/83606,83606,"R$ 1.951,20",11/03/2021,15/04/2021 11:00:00,"R$ 100,00",Fechado,Not Found,KASINSKI CRUISE,2005,"R$ 3.252,00",SÃO PAULO/SP
https://www.lut.com.br//lote/veiculo-mitsubishi-pajero/83604,83604,"R$ 12.794,40",11/03/2021,15/04/2021 10:30:00,"R$ 1.000,00",Fechado,MITSUBISHI,PAJERO,1999,"R$ 21.324,00",JUNDIAI/SP
https://www.lut.com.br//lote/veiculo-volkswagen-passat/83603,83603,"R$ 2.617,20",11/03/2021,15/04/2021 10:00:00,"R$ 150,00",Fechado,Volkswagen,PASSAT,1986,"R$ 4.362,00",SERTÃOZINHO/SP
https://www.lut.com.br//lote/motocicleta-honda-cg/83601,83601,"R$ 2.400,00",11/03/2021,15/04/2021 10:00:00,"R$ 150,00",Fechado,Honda,HONDA CG 150,2010,"R$ 4.000,00",SÃO JOSÉ DOS CAMPOS/SP
https://www.lut.com.br//lote/veiculo-vw-saveiro/83602,83602,"R$ 17.668,20",11/03/2021,15/04/2021 10:00:00,"R$ 1.000,00",Fechado,Not Found,/ SAVEIRO,2015,"R$ 29.447,00",SERTÃOZINHO/SP
https://www.lut.com.br//lote/veiculo-renault-logan/83549,83549,"R$ 19.941,00",12/04/2021,15/04/2021 10:00:00,"R$ 1.000,00",Fechado,RENAULT,LOGAN,2011,"R$ 19.941,00",CAMPINAS/SP
https://www.lut.com.br//lote/motocicleta-suzuki/83600,83600,"R$ 2.408,70",11/03/2021,15/04/2021 09:30:00,"R$ 150,00",Fechado,SUZUKI,SUZUKI,2011,"R$ 3.441,00",SANTA CRUZ DO RIO PARDO/SP
https://www.lut.com.br//lote/veiculo-ford-ka/82942,82942,"R$ 17.813,00",10/04/2021,13/04/2021 09:30:00,"R$ 1.000,00",Fechado,Ford,KA,2011,"R$ 17.813,00",SOROCABA/SP
https://www.lut.com.br//lote/veiculo-peugeot/83375,83375,"R$ 6.000,00",08/03/2021,12/04/2021 12:00:00,"R$ 250,00",Fechado,Peugeot,207,defabricação2010,"R$ 10.000,00",SERTÃOZINHO/SP
https://www.lut.com.br//lote/veiculo-fiat-palio-fire/83553,83553,"R$ 18.000,00",09/04/2021,12/04/2021 11:30:00,"R$ 1.000,00",Fechado,FIAT,FIAT PALIO FIRE,2008,"R$ 18.000,00",JABOTICABAL/SP
https://www.lut.com.br//lote/veiculo-chevrolet-corsa-hatch/83097,83097,"R$ 14.186,73",09/04/2021,12/04/2021 11:00:00,"R$ 1.000,00",Fechado,Chevrolet,CHEVROLET CORSA HATCH,2003,"R$ 14.186,73",VINHEDO/SP
https://www.lut.com.br//lote/veiculo-ford-escort/83374,83374,"R$ 3.240,00",08/03/2021,12/04/2021 11:00:00,"R$ 150,00",Fechado,Ford,ESCORT,1995,"R$ 5.400,00",SERTÃOZINHO/SP
https://www.lut.com.br//lote/veiculo-nissan-x-trail-se/83304,83304,"R$ 56.000,00",09/04/2021,12/04/2021 10:30:00,"R$ 2.500,00",Fechado,Nissan,NISSAN X TRAIL SE,2008,"R$ 56.000,00",SERTÃOZINHO/SP
https://www.lut.com.br//lote/veiculo-volkswagen-logus/83370,83370,"R$ 2.700,00",08/03/2021,12/04/2021 10:00:00,"R$ 150,00",Fechado,Volkswagen,VOLKSWAGEN LOGUS,1993,"R$ 4.500,00",SERTÃOZINHO/SP
https://www.lut.com.br//lote/veiculo-chevrolet-c/83371,83371,"R$ 4.200,00",08/03/2021,12/04/2021 10:00:00,"R$ 200,00",Fechado,Chevrolet,CHEVROLET C1404,fabricação1977,"R$ 7.000,00",OSASCO/SP
https://www.lut.com.br//lote/veiculo-chevrolet-prisma/83368,83368,"R$ 9.600,00",08/03/2021,,"R$ 300,00",,Chevrolet,CHEVROLET / PRISMA,2008,"R$ 16.000,00",MOGI MIRIM/SP
https://www.lut.com.br//lote/veiculo-chevrolet-corsa/83372,83372,"R$ 4.680,00",08/03/2021,12/04/2021 10:00:00,"R$ 200,00",Fechado,Chevrolet,CHEVROLET / CORSA,mod.1997,"R$ 7.800,00",BRAGANÇA PAULISTA/SP
https://www.lut.com.br//lote/veiculo-vw-up/83369,83369,"R$ 14.703,00",08/03/2021,12/04/2021 10:00:00,"R$ 1.000,00",Fechado,Not Found,VW / UP,2014,"R$ 24.505,00",SÃO JOSÉ DOS CAMPOS/SP
https://www.lut.com.br//lote/veiculo-fiat-uno-sporting/82793,82793,"R$ 30.433,00",09/04/2021,12/04/2021 10:00:00,"R$ 1.000,00",Fechado,FIAT,FIAT UNO SPORTING,defabricação2014,"R$ 30.433,00",SERTÃOZINHO/SP
https://www.lut.com.br//lote/veiculo-volkswagen-fusca/83106,83106,"R$ 2.000,00",09/04/2021,12/04/2021 09:30:00,"R$ 150,00",Fechado,Volkswagen,VOLKSWAGEN FUSCA,Not found,"R$ 2.000,00",RESTINGA/SP
https://www.lut.com.br//lote/veiculo-nissan-versa/83309,83309,"R$ 23.100,00",05/03/2021,09/04/2021 11:00:00,"R$ 1.000,00",Fechado,Nissan,NISSAN VERSA,2015,"R$ 33.000,00",ARAÇATUBA/SP
https://www.lut.com.br//lote/motocicleta-honda-cg-today/83310,83310,"R$ 809,20",05/03/2021,09/04/2021 11:00:00,"R$ 70,00",Fechado,Honda,HONDA/ CG 125 TODAY,Not found,"R$ 1.232,00",DIADEMA/SP
https://www.lut.com.br//lote/veiculo-hyundai-i/83308,83308,"R$ 14.174,50",05/03/2021,09/04/2021 10:00:25,"R$ 1.000,00",Fechado,Hyundai,HYUNDAI I30,2009,"R$ 28.349,00",CAMPINAS/SP
https://www.lut.com.br//lote/motocicleta-honda-c-dream/83555,83555,"R$ 2.311,00",05/04/2021,08/04/2021 10:30:00,"R$ 150,00",Fechado,Honda,HONDA C100 DREAM,1997,"R$ 2.311,00",INDAIATUBA/SP
https://www.lut.com.br//lote/motocicleta-honda-cg/83271,83271,"R$ 2.700,00",04/03/2021,08/04/2021 10:00:00,"R$ 150,00",Fechado,Honda,HONDA CG 150,2007,"R$ 4.500,00",CAMPINAS/SP
https://www.lut.com.br//lote/motocicleta-honda-cg/83103,83103,"R$ 4.600,00",05/04/2021,08/04/2021 10:00:00,"R$ 200,00",Fechado,Honda,HONDA CG 125,2013,"R$ 4.600,00",INDAIATUBA/SP
https://www.lut.com.br//lote/motocicleta-yamaha-neo/82783,82783,"R$ 3.212,00",05/04/2021,08/04/2021 09:30:00,"R$ 150,00",Fechado,Yamaha,YAMAHA NEO,Not found,"R$ 3.212,00",SERTÃOZINHO/SP
https://www.lut.com.br//lote/veiculo-volkswagen-golf-glx/83085,83085,"R$ 4.646,00",01/03/2021,05/04/2021 10:30:00,"R$ 200,00",Fechado,Volkswagen,GOLF GLX,1995,"R$ 9.292,00",Não informado/SP
https://www.lut.com.br//lote/veiculo-fiat-marea/83084,83084,"R$ 5.637,00",01/03/2021,05/04/2021 10:00:00,"R$ 200,00",Fechado,FIAT,FIAT / MAREA,defabricação1999,"R$ 9.395,00",SÃO JOSÉ DOS CAMPOS/SP
https://www.lut.com.br//lote/veiculo-vw-fox/83083,83083,"R$ 8.350,00",01/03/2021,05/04/2021 10:00:00,"R$ 300,00",Fechado,Not Found,VW / FOX,fabricação2006,"R$ 16.700,00",BRAGANÇA PAULISTA/SP
https://www.lut.com.br//lote/veiculo-ford-courier/83299,83299,"R$ 21.688,00",02/04/2021,05/04/2021 09:30:00,"R$ 1.000,00",Fechado,Ford,FORD COURIER,2012,"R$ 21.688,00",CAMPINAS/SP
https://www.lut.com.br//lote/motocicleta-honda-cg/82779,82779,"R$ 1.704,00",01/04/2021,04/04/2021 13:30:00,"R$ 100,00",Fechado,Honda,HONDA CG125,1990,"R$ 1.704,00",SANTA CRUZ DO RIO PARDO/SP
https://www.lut.com.br//lote/motocicleta-yamaha/82397,82397,"R$ 1.872,00",30/03/2021,02/04/2021 13:30:00,"R$ 100,00",Fechado,Yamaha,YAMAHA,fabricação1988,"R$ 1.872,00",CAMPINAS/SP
https://www.lut.com.br//lote/veiculo-volkswagen-saveiro/83298,83298,"R$ 19.000,00",30/03/2021,02/04/2021 10:30:00,"R$ 1.000,00",Fechado,Volkswagen,VOLKSWAGEN SAVEIRO,2008,"R$ 19.000,00",MOGI MIRIM/SP
https://www.lut.com.br//lote/veiculo-vw-fox/83027,83027,"R$ 10.020,00",26/02/2021,02/04/2021 09:30:00,"R$ 500,00",Fechado,Not Found,VW/FOX,2006,"R$ 16.700,00",SÃO PAULO/SP
https://www.lut.com.br//lote/veiculo-volkswagen-gol/83095,83095,"R$ 9.979,00",30/03/2021,02/04/2021 09:30:00,"R$ 300,00",Fechado,Volkswagen,VOLKSWAGEN GOL,Not found,"R$ 9.979,00",SANTO ANDRÉ/SP
https://www.lut.com.br//lote/veiculo-fiat-elba/83028,83028,"R$ 2.100,00",26/02/2021,02/04/2021 09:30:00,"R$ 150,00",Fechado,FIAT,FIAT / ELBA,Not found,"R$ 3.000,00",FRANCA/SP
https://www.lut.com.br//lote/veiculo-vw-parati/83029,83029,"R$ 6.702,50",26/02/2021,02/04/2021 09:30:00,"R$ 250,00",Fechado,Not Found,VW / PARATI,Not found,"R$ 9.575,00",FRANCA/SP
https://www.lut.com.br//lote/veiculo-fiat-marea-hlx/82781,82781,"R$ 7.500,00",29/03/2021,01/04/2021 09:30:00,"R$ 250,00",Fechado,FIAT,FIAT MAREA HLX,1998,"R$ 7.500,00",SÃO JOSÉ DOS CAMPOS/SP
https://www.lut.com.br//lote/veiculo-ssangyong-musso-pick-up/83703,83703,"R$ 7.090,00",15/03/2021,30/03/2021 15:15:00,"R$ 250,00",Fechado,Not Found,"SSANGYONG, MUSSO PICK UP",defabricação2003,"R$ 22.800,00",São Paulo/SP
https://www.lut.com.br//lote/veiculo-fiat-uno-mille/82576,82576,"R$ 13.500,00",27/03/2021,30/03/2021 09:30:00,"R$ 1.000,00",Fechado,FIAT,FIAT / UNO MILLE,2007,"R$ 13.500,00",ARARAQUARA/SP
https://www.lut.com.br//lote/motocicleta-honda-cg/82778,82778,"R$ 2.014,00",26/03/2021,29/03/2021 10:30:00,"R$ 150,00",Fechado,Honda,HONDA CG 125,1989,"R$ 2.014,00",SANTA CRUZ DO RIO PARDO/SP
https://www.lut.com.br//lote/veiculo-reboque-free-hobby/82402,82402,"R$ 2.000,00",26/03/2021,29/03/2021 10:00:00,"R$ 150,00",Fechado,Not Found,REBOQUE FREE HOBBY,2012,"R$ 2.000,00",SÃO JOSÉ DO RIO PRETO/SP
https://www.lut.com.br//lote/veiculo-chevrolet-meriva/82389,82389,"R$ 22.067,00",26/03/2021,29/03/2021 10:00:00,"R$ 1.000,00",Fechado,Chevrolet,CHEVROLET / MERIVA,2009,"R$ 22.067,00",SÃO PAULO/SP
https://www.lut.com.br//lote/veiculo-volkswagen-fox/82777,82777,"R$ 19.600,00",26/03/2021,29/03/2021 10:00:00,"R$ 1.000,00",Fechado,Volkswagen,VOLKSWAGEN FOX,2008,"R$ 19.600,00",CAMPINAS/SP
https://www.lut.com.br//lote/motocicleta-honda-fan/82706,82706,"R$ 2.500,00",26/03/2021,29/03/2021 09:30:00,"R$ 150,00",Fechado,Honda,HONDA FAN 125,defabricação2005,"R$ 2.500,00",CAMPINAS/SP
https://www.lut.com.br//lote/motocicleta-honda-cg/82776,82776,"R$ 3.000,00",23/03/2021,26/03/2021 10:30:00,"R$ 150,00",Fechado,Honda,HONDA CG125,2002,"R$ 3.000,00",SERTÃOZINHO/SP
https://www.lut.com.br//lote/veiculo-vw-novo-gol/82396,82396,"R$ 27.000,00",23/03/2021,26/03/2021 10:00:00,"R$ 1.000,00",Fechado,Not Found,/ NOVO GOL,defabricação2014,"R$ 27.000,00",SERTÃOZINHO/SP
https://www.lut.com.br//lote/veiculo-ford-corcel/82374,82374,"R$ 3.000,00",23/03/2021,26/03/2021 09:30:00,"R$ 150,00",Fechado,Ford,FORD CORCEL,defabricação1975,"R$ 3.000,00",SÃO CAETANO DO SUL/SP
https://www.lut.com.br//lote/veiculo-fiat-doblo/82373,82373,"R$ 10.300,00",22/03/2021,,"R$ 1.000,00",,FIAT,FIAT DOBLO,defabricação2002,"R$ 10.300,00",ARAÇATUBA/SP
https://www.lut.com.br//lote/motocicleta-dafra-kansas/82372,82372,"R$ 2.922,00",22/03/2021,25/03/2021 10:30:00,"R$ 150,00",Fechado,Dafra,DAFRA KANSAS,fabricação2008,"R$ 2.922,00",BARRINHA/SP
https://www.lut.com.br//lote/motocicleta-yamaha-fazer-ys/83093,83093,"R$ 6.000,00",22/03/2021,25/03/2021 10:00:00,"R$ 250,00",Fechado,Yamaha,YAMAHA FAZER YS250,Not found,"R$ 6.000,00",SÃO JOSÉ DOS CAMPOS/SP
https://www.lut.com.br//lote/veiculo-ford-del-rey/82368,82368,"R$ 2.199,00",22/03/2021,25/03/2021 10:00:00,"R$ 150,00",Fechado,Ford,FORD DEL REY,1984,"R$ 2.199,00",SÃO JOSÉ DOS CAMPOS/SP
https://www.lut.com.br//lote/veiculo-chevrolet-zafira-elite/83092,83092,"R$ 28.429,00",21/03/2021,24/03/2021 09:30:00,"R$ 1.000,00",Fechado,Chevrolet,CHEVROLET ZAFIRA ELITE,2009,"R$ 28.429,00",SÃO PAULO/SP
https://www.lut.com.br//lote/veiculo-gm-kadett-gsi/82712,82712,"R$ 2.400,00",18/02/2021,23/03/2021 10:00:00,"R$ 150,00",Fechado,Not Found,GM/KADETT GSI,Not found,"R$ 4.000,00",Franca/SP
https://www.lut.com.br//lote/veiculo-vw-quantum/82707,82707,"R$ 2.523,00",18/02/2021,23/03/2021 09:30:00,"R$ 150,00",Fechado,Not Found,VW / QUANTUM,1987,"R$ 4.205,00",Não informado/SP
https://www.lut.com.br//lote/veiculo-citroen-picasso-glx/82708,82708,"R$ 13.855,80",18/02/2021,23/03/2021 09:30:00,"R$ 500,00",Fechado,Not Found,CITROËN PICASSO 1.6 GLX,vieirademacedo143,"R$ 19.794,00",São Jose dos Campos/SP
https://www.lut.com.br//lote/motocicleta-honda-cg-fan/82710,82710,"R$ 2.760,00",18/02/2021,23/03/2021 09:30:00,"R$ 150,00",Fechado,Honda,HONDA  CG 125 FAN,defabricaçãoe2005,"R$ 4.600,00",Indaiatuba/SP
https://www.lut.com.br//lote/veiculo-vw-saveiro/82713,82713,"R$ 8.472,00",18/02/2021,22/03/2021 10:00:00,"R$ 300,00",Fechado,Not Found,VW/SAVEIRO 1.8,fabricação2000,"R$ 14.120,00",São Jose dos Campos/SP
https://www.lut.com.br//lote/motocicleta-yamaha-fazer-ys/82405,82405,"R$ 2.900,00",12/02/2021,19/03/2021 11:30:00,"R$ 150,00",Fechado,Yamaha, YAMAHA FAZER YS250,defabricação2008,"R$ 5.800,00",Hortolândia/SP
https://www.lut.com.br//lote/motocicleta-honda-cg-titan-ks/81622,81622,"R$ 1.095,20",09/02/2021,19/03/2021 10:00:00,"R$ 100,00",Fechado,Honda,HONDA CG 125 TITAN KS,2001,"R$ 2.190,41",Sorocaba/SP
https://www.lut.com.br//lote/veiculo-mitsubishi-l/83091,83091,"R$ 53.645,00",15/03/2021,18/03/2021 10:00:00,"R$ 2.500,00",Fechado,MITSUBISHI,MITSUBISHI L200,2010,"R$ 53.645,00",CAMPINAS/SP
https://www.lut.com.br//lote/veiculo-ssangyong-musso-pick-up/82729,82729,"R$ 11.400,00",01/03/2021,15/03/2021 15:15:00,"R$ 1.000,00",Fechado,Not Found,"SSANGYONG, MUSSO PICK UP",defabricação2003,"R$ 22.800,00",São Paulo/SP
https://www.lut.com.br//lote/motocicleta-honda-biz/81997,81997,"R$ 5.468,00",12/03/2021,15/03/2021 10:00:00,"R$ 200,00",Fechado,Honda,HONDA BIZ,2010,"R$ 5.468,00",BRAGANÇA PAULISTA/SP
https://www.lut.com.br//lote/veiculo-chevrolet-corsa-sedan/83087,83087,"R$ 16.503,00",12/03/2021,15/03/2021 10:00:00,"R$ 1.000,00",Fechado,Chevrolet,CHEVROLET CORSA SEDAN,Not found,"R$ 16.503,00",LAVRAS/MG
https://www.lut.com.br//lote/motocicleta-honda-biz/81990,81990,"R$ 5.390,00",09/03/2021,12/03/2021 14:00:00,"R$ 200,00",Fechado,Honda,HONDA BIZ,fabricação2012,"R$ 5.390,00",ARARAQUARA/SP
https://www.lut.com.br//lote/veiculo-fiat-uno/82364,82364,"R$ 10.700,44",09/03/2021,12/03/2021 10:00:00,"R$ 1.000,00",Fechado,FIAT,FIAT / UNO,2003,"R$ 10.700,44",RIBEIRÃO PRETO/SP
https://www.lut.com.br//lote/motocicleta-yamaha-fazer/82042,82042,"R$ 7.750,00",09/03/2021,12/03/2021 10:00:00,"R$ 250,00",Fechado,Yamaha,YAMAHA FAZER,Not found,"R$ 7.750,00",SERTÃOZINHO/SP
https://www.lut.com.br//lote/motocicleta-kasinski-cruise/82398,82398,"R$ 3.252,00",08/03/2021,11/03/2021 11:00:00,"R$ 150,00",Fechado,Not Found,KASINSKI CRUISE,2005,"R$ 3.252,00",SÃO PAULO/SP
https://www.lut.com.br//lote/veiculo-mitsubishi-pajero/82038,82038,"R$ 21.324,00",08/03/2021,11/03/2021 10:30:00,"R$ 1.000,00",Fechado,MITSUBISHI,PAJERO,1999,"R$ 21.324,00",JUNDIAI/SP
https://www.lut.com.br//lote/veiculo-volkswagen-passat/81988,81988,"R$ 4.362,00",08/03/2021,11/03/2021 10:00:00,"R$ 200,00",Fechado,Volkswagen,VOLKSWAGEN PASSAT,1986,"R$ 4.362,00",SERTÃOZINHO/SP
https://www.lut.com.br//lote/veiculo-vw-saveiro/82378,82378,"R$ 29.447,00",08/03/2021,11/03/2021 10:00:00,"R$ 1.000,00",Fechado,Not Found,VW / SAVEIRO,2015,"R$ 29.447,00",SERTÃOZINHO/SP
https://www.lut.com.br//lote/motocicleta-honda-cg/81989,81989,"R$ 4.000,00",08/03/2021,11/03/2021 10:00:00,"R$ 200,00",Fechado,Honda,HONDA CG 150,2010,"R$ 4.000,00",SÃO JOSÉ DOS CAMPOS/SP
https://www.lut.com.br//lote/motocicleta-suzuki/81979,81979,"R$ 3.441,00",08/03/2021,11/03/2021 09:30:00,"R$ 150,00",Fechado,SUZUKI,SUZUKI,2011,"R$ 3.441,00",SANTA CRUZ DO RIO PARDO/SP
https://www.lut.com.br//lote/veiculo-peugeot/81963,81963,"R$ 10.000,00",05/03/2021,08/03/2021 12:00:00,"R$ 1.000,00",Fechado,Peugeot,PEUGEOT 207,defabricação2010,"R$ 10.000,00",SERTÃOZINHO/SP
https://www.lut.com.br//lote/veiculo-ford-escort/81966,81966,"R$ 5.400,00",05/03/2021,08/03/2021 11:00:00,"R$ 200,00",Fechado,Ford,FORD ESCORT,1995,"R$ 5.400,00",SERTÃOZINHO/SP
https://www.lut.com.br//lote/motocicleta-honda-c/81961,81961,"R$ 3.161,00",05/03/2021,,"R$ 150,00",,Honda,HONDA C100,fabricação2004,"R$ 3.161,00",ARAÇATUBA/SP
https://www.lut.com.br//lote/veiculo-vw-up/81958,81958,"R$ 24.505,00",05/03/2021,08/03/2021 10:00:00,"R$ 1.000,00",Fechado,Not Found,VW / UP,2014,"R$ 24.505,00",SÃO JOSÉ DOS CAMPOS/SP
https://www.lut.com.br//lote/veiculo-chevrolet-c/81962,81962,"R$ 7.000,00",05/03/2021,08/03/2021 10:00:00,"R$ 250,00",Fechado,Chevrolet,CHEVROLET C1404,fabricação1977,"R$ 7.000,00",OSASCO/SP
https://www.lut.com.br//lote/veiculo-chevrolet-prisma/81959,81959,"R$ 16.000,00",05/03/2021,08/03/2021 10:00:00,"R$ 1.000,00",Fechado,Chevrolet,CHEVROLET / PRISMA,2008,"R$ 16.000,00",MOGI MIRIM/SP
https://www.lut.com.br//lote/veiculo-chevrolet-corsa/81960,81960,"R$ 7.800,00",05/03/2021,08/03/2021 10:00:00,"R$ 250,00",Fechado,Chevrolet,CHEVROLET / CORSA,mod.1997,"R$ 7.800,00",BRAGANÇA PAULISTA/SP
https://www.lut.com.br//lote/veiculo-chevrolet-prisma/81959,81959,"R$ 16.000,00",05/03/2021,08/03/2021 10:00:00,"R$ 1.000,00",Fechado,Chevrolet,CHEVROLET / PRISMA,2008,"R$ 16.000,00",MOGI MIRIM/SP
https://www.lut.com.br//lote/motocicleta-honda-cg-today/81948,81948,"R$ 1.232,00",02/03/2021,05/03/2021 11:00:00,"R$ 100,00",Fechado,Honda,HONDA/ CG 125 TODAY,Not found,"R$ 1.232,00",DIADEMA/SP
https://www.lut.com.br//lote/veiculo-nissan-versa/81975,81975,"R$ 33.000,00",02/03/2021,05/03/2021 11:00:00,"R$ 1.000,00",Fechado,Nissan,NISSAN VERSA,2015,"R$ 33.000,00",ARAÇATUBA/SP
https://www.lut.com.br//lote/veiculo-toyota-corolla-xei-vvt/82040,82040,"R$ 15.000,00",29/01/2021,05/03/2021 10:00:00,"R$ 500,00",Fechado,Toyota,XEI18VVT,2004,"R$ 25.000,00",São Paulo/SP
https://www.lut.com.br//lote/veiculo-fiat-palio-v/82041,82041,"R$ 2.400,00",29/01/2021,05/03/2021 10:00:00,"R$ 150,00",Fechado,FIAT,PALIO 16V,"vai,cep12244","R$ 4.000,00",São José dos Campos/SP
https://www.lut.com.br//lote/veiculo-hyundai-i/81945,81945,"R$ 28.349,00",02/03/2021,05/03/2021 10:00:00,"R$ 1.000,00",Fechado,Hyundai,HYUNDAI I30,2009,"R$ 28.349,00",CAMPINAS/SP
https://www.lut.com.br//lote/motocicleta-honda-cg/81943,81943,"R$ 4.500,00",01/03/2021,04/03/2021 10:00:00,"R$ 200,00",Fechado,Honda,HONDA CG 150,2007,"R$ 4.500,00",CAMPINAS/SP
https://www.lut.com.br//lote/veiculo-citroen-c-glx/82030,82030,"R$ 10.250,00",28/01/2021,04/03/2021 10:00:00,"R$ 500,00",Fechado,Citroen,C3 GLX 1.4,defabricação2010,"R$ 20.500,00",São Paulo/SP
https://www.lut.com.br//lote/veiculo-fiat-siena/81738,81738,"R$ 19.307,00",01/03/2021,,"R$ 1.000,00",,FIAT,FIAT / SIENA,Not found,"R$ 19.307,00",CARAGUATATUBA/SP
https://www.lut.com.br//lote/veiculo-volkswagen-golf-glx/81582,81582,"R$ 9.292,00",24/02/2021,01/03/2021 10:30:00,"R$ 300,00",Fechado,Volkswagen,GOLF GLX,1995,"R$ 9.292,00",Não informado/SP
https://www.lut.com.br//lote/veiculo-vw-fox/82037,82037,"R$ 16.700,00",26/02/2021,01/03/2021 10:00:00,"R$ 1.000,00",Fechado,Not Found,VW / FOX,fabricação2006,"R$ 16.700,00",BRAGANÇA PAULISTA/SP
https://www.lut.com.br//lote/veiculo-fiat-marea/81942,81942,"R$ 9.395,00",26/02/2021,01/03/2021 10:00:00,"R$ 300,00",Fechado,FIAT,FIAT / MAREA,defabricação1999,"R$ 9.395,00",SÃO JOSÉ DOS CAMPOS/SP
https://www.lut.com.br//lote/veiculo-vw-parati/81927,81927,"R$ 9.575,00",23/02/2021,26/02/2021 09:30:00,"R$ 300,00",Fechado,Not Found,VW / PARATI,Not found,"R$ 9.575,00",FRANCA/SP
https://www.lut.com.br//lote/motocicleta-honda-cg-titan-es/81983,81983,"R$ 1.570,20",22/01/2021,26/02/2021 09:30:00,"R$ 100,00",Fechado,Honda,HONDA CG TITAN 125 ES,defabricação200,"R$ 2.617,00",Itinga/MG
https://www.lut.com.br//lote/veiculo-fiat-elba/81941,81941,"R$ 3.000,00",23/02/2021,26/02/2021 09:30:00,"R$ 150,00",Fechado,FIAT,FIAT / ELBA,Not found,"R$ 3.000,00",FRANCA/SP
https://www.lut.com.br//lote/veiculo-vw-fox/81737,81737,"R$ 16.700,00",23/02/2021,26/02/2021 09:30:00,"R$ 1.000,00",Fechado,Not Found,VW/FOX,2006,"R$ 16.700,00",SÃO PAULO/SP
https://www.lut.com.br//lote/veiculo-gol-power/81947,81947,"R$ 12.488,40",15/01/2021,19/02/2021 11:00:00,"R$ 1.000,00",Fechado,Not Found,1.6 POWER,2009,"R$ 20.814,00",Sertãozinho/SP
https://www.lut.com.br//lote/veiculo-vw-gol-cli/81946,81946,"R$ 4.080,00",15/01/2021,19/02/2021 10:00:00,"R$ 200,00",Fechado,Not Found,GOL CLI,1995,"R$ 6.800,00",São Bernardo do Campo/SP
https://www.lut.com.br//lote/veiculo-volkswagen-gol/81926,81926,"R$ 12.466,80",14/01/2021,18/02/2021 11:00:00,"R$ 500,00",Fechado,Volkswagen,GOL,fabricação2009,"R$ 20.778,00",Sertãozinho/SP
https://www.lut.com.br//lote/veiculo-vw-saveiro/81627,81627,"R$ 14.120,00",15/02/2021,18/02/2021 10:00:00,"R$ 1.000,00",Fechado,Not Found,VW/SAVEIRO 1.8,fabricação2000,"R$ 14.120,00",São Jose dos Campos/SP
https://www.lut.com.br//lote/veiculo-gm-kadett-gsi/81629,81629,"R$ 4.000,00",15/02/2021,18/02/2021 10:00:00,"R$ 200,00",Fechado,Not Found,GM/KADETT GSI,Not found,"R$ 4.000,00",Franca/SP
https://www.lut.com.br//lote/motocicleta-honda-cg-fan/81429,81429,"R$ 4.600,00",15/02/2021,18/02/2021 09:30:00,"R$ 200,00",Fechado,Honda,HONDA  CG 125 FAN,defabricaçãoe2005,"R$ 4.600,00",Indaiatuba/SP
https://www.lut.com.br//lote/motocicleta-honda-cg-fan/81429,81429,"R$ 4.600,00",15/02/2021,18/02/2021 09:30:00,"R$ 200,00",Fechado,Honda,HONDA  CG 125 FAN,defabricaçãoe2005,"R$ 4.600,00",Indaiatuba/SP
https://www.lut.com.br//lote/veiculo-vw-quantum/81925,81925,"R$ 4.205,00",15/02/2021,18/02/2021 09:30:00,"R$ 200,00",Fechado,Not Found,VW / QUANTUM,1987,"R$ 4.205,00",Não informado/SP
https://www.lut.com.br//lote/veiculo-gm-vectra-gls/81630,81630,"R$ 8.613,60",11/01/2021,15/02/2021 10:00:00,"R$ 300,00",Fechado,Not Found,VECTRA GLS,2000,"R$ 14.356,00",Sertãozinho/SP
https://www.lut.com.br//lote/motocicleta-yamaha-fazer-ys/81421,81421,"R$ 5.800,00",09/02/2021,12/02/2021 11:30:00,"R$ 200,00",Fechado,Yamaha, YAMAHA FAZER YS250,defabricação2008,"R$ 5.800,00",Hortolândia/SP
https://www.lut.com.br//lote/veiculo-vw-pointer-gli/81611,81611,"R$ 3.544,80",08/01/2021,12/02/2021 11:30:00,"R$ 150,00",Fechado,Not Found,POINTER GLI 1.8,defabricação1995,"R$ 5.908,00",Sumaré/SP
https://www.lut.com.br//lote/motocicleta-honda-c-biz-es/81585,81585,"R$ 1.925,00",07/01/2021,11/02/2021 09:30:00,"R$ 100,00",Fechado,Honda,HONDA /C100 BIZ ES,fabricação2002,"R$ 2.750,00",Pederneiras/SP
https://www.lut.com.br//lote/motocicleta-yamaha-ybr/81607,81607,"R$ 780,00",08/01/2021,10/02/2021 10:00:00,"R$ 70,00",Fechado,Yamaha,YAMAHA YBR 125,2002,"R$ 1.300,00",Sertãozinho/SP
https://www.lut.com.br//lote/motocicleta-honda-cg-fan-ks/81437,81437,"R$ 2.400,00",31/12/2020,04/02/2021 10:00:00,"R$ 150,00",Fechado,Honda,HONDA CG 125 FAN KS,2010,"R$ 4.000,00",São José dos Campos/SP
https://www.lut.com.br//lote/veiculo-toyota-corolla-xei-vvt/81420,81420,"R$ 25.000,00",26/01/2021,29/01/2021 10:00:00,"R$ 1.000,00",Fechado,Toyota,XEI18VVT,2004,"R$ 25.000,00",São Paulo/SP
https://www.lut.com.br//lote/veiculo-fiat-palio-v/81419,81419,"R$ 4.000,00",26/01/2021,29/01/2021 10:00:00,"R$ 250,00",Fechado,FIAT,PALIO 16V,"vai,cep12244","R$ 4.000,00",São José dos Campos/SP
https://www.lut.com.br//lote/veiculo-vw-gol-power/81331,81331,"R$ 8.400,00",21/12/2020,28/01/2021 11:00:00,"R$ 300,00",Fechado,Not Found,1.6 POWER,2003,"R$ 12.000,00",Santa Cruz do Rio Pardo /SP
https://www.lut.com.br//lote/veiculo-citroen-c-glx/80728,80728,"R$ 20.500,00",25/01/2021,28/01/2021 10:00:00,"R$ 1.000,00",Fechado,Citroen,C3 GLX 1.4,defabricação2010,"R$ 20.500,00",São Paulo/SP
https://www.lut.com.br//lote/veiculo-audi-q-cv/81325,81325,"R$ 63.960,00",18/12/2020,22/01/2021 10:00:00,"R$ 2.500,00",Fechado,AUDI,Q3 150CV,2015,"R$ 106.600,00",Jaguariúna/SP
https://www.lut.com.br//lote/motocicleta-honda-cg-titan-es/81418,81418,"R$ 2.617,00",19/01/2021,22/01/2021 09:30:00,"R$ 150,00",Fechado,Honda,HONDA CG TITAN 125 ES,defabricação200,"R$ 2.617,00",Itinga/MG
https://www.lut.com.br//lote/veiculo-fox-gll/81324,81324,"R$ 16.429,80",18/12/2020,20/01/2021 10:00:00,"R$ 1.000,00",Fechado,Not Found,1.6 GLL,Not found,"R$ 27.383,00",Bragança Paulista/SP
